Q70899,GEN 2:7;GEN 2:8;GEN 2:15;GEN 2:18;GEN 2:19;GEN 2:20;GEN 2:21;GEN 2:22;GEN 2:23;GEN 2:25;GEN 3:6;GEN 3:7;GEN 3:8;GEN 3:9;GEN 3:12;GEN 3:17;GEN 3:20;GEN 3:21;GEN 3:22;GEN 3:24;GEN 4:1;GEN 4:25;GEN 5:1;GEN 5:3;GEN 5:4;GEN 5:5;1CH 1:1;HOS 6:7;LUK 3:38;ROM 5:14;1CO 15:22;1CO 15:45;1TI 2:13;1TI 2:14;JUD 1:14
Q830183,GEN 2:22;GEN 2:25;GEN 3:1;GEN 3:2;GEN 3:4;GEN 3:6;GEN 3:7;GEN 3:8;GEN 3:12;GEN 3:13;GEN 3:15;GEN 3:16;GEN 3:17;GEN 3:20;GEN 3:21;GEN 4:1;GEN 4:25;2CO 11:3;1TI 2:13
Q205365,GEN 4:1;GEN 4:2;GEN 4:3;GEN 4:5;GEN 4:6;GEN 4:8;GEN 4:9;GEN 4:13;GEN 4:15;GEN 4:16;GEN 4:17;GEN 4:24;GEN 4:25;HEB 11:4;1JN 3:12;JUD 1:11
Q313421,GEN 4:2;GEN 4:4;GEN 4:8;GEN 4:9;GEN 4:10;GEN 4:11;GEN 4:25;MAT 23:35;LUK 11:51;HEB 11:4;HEB 12:24;1JN 3:12
Q134373856,GEN 4:17
Q2495184,GEN 4:17;GEN 4:18
Q3364264,GEN 4:18
Q10329365,GEN 4:18
Q10329289,GEN 4:18
Q155852,GEN 4:18;GEN 4:19;GEN 4:23;GEN 4:24
Q1809123,GEN 4:19;GEN 4:20;GEN 4:23
Q203082,GEN 4:19;GEN 4:22;GEN 4:23
Q1676803,GEN 4:20
Q1432204,GEN 4:21
Q1356181,GEN 4:22
Q1542154,GEN 4:22
Q107626,GEN 4:25;GEN 4:26;GEN 5:3;GEN 5:4;GEN 5:6;GEN 5:7;GEN 5:8;1CH 1:1;LUK 3:38
Q682531,GEN 4:26;GEN 5:6;GEN 5:7;GEN 5:9;GEN 5:10;GEN 5:11;1CH 1:1;LUK 3:38
Q844433,GEN 5:9;GEN 5:10;GEN 5:12;GEN 5:13;GEN 5:14;1CH 1:2;LUK 3:37
Q10297002,GEN 5:12;GEN 5:13;GEN 5:15;GEN 5:16;GEN 5:17;1CH 1:2;LUK 3:37
Q927410,GEN 5:15;GEN 5:16;GEN 5:18;GEN 5:19;GEN 5:20;1CH 1:2;LUK 3:37
Q213027,GEN 5:18;GEN 5:19;GEN 5:21;GEN 5:22;GEN 5:23;GEN 5:24;1CH 1:3;LUK 3:37;HEB 11:5;JUD 1:14
Q156290,GEN 5:21;GEN 5:22;GEN 5:25;GEN 5:26;GEN 5:27;1CH 1:3;LUK 3:37
Q10921342,GEN 5:25;GEN 5:26;GEN 5:28;GEN 5:30;GEN 5:31;1CH 1:3;LUK 3:36
Q81422,GEN 5:28;GEN 5:29;GEN 5:30;GEN 5:32;GEN 6:8;GEN 6:9;GEN 6:10;GEN 6:13;GEN 6:22;GEN 7:1;GEN 7:5;GEN 7:6;GEN 7:7;GEN 7:9;GEN 7:11;GEN 7:13;GEN 7:15;GEN 7:16;GEN 7:23;GEN 8:1;GEN 8:6;GEN 8:8;GEN 8:10;GEN 8:11;GEN 8:12;GEN 8:13;GEN 8:15;GEN 8:18;GEN 8:20;GEN 9:1;GEN 9:8;GEN 9:17;GEN 9:18;GEN 9:19;GEN 9:20;GEN 9:22;GEN 9:24;GEN 9:28;GEN 9:29;GEN 10:1;GEN 10:32;1CH 1:3;1CH 1:4;ISA 54:9;EZK 14:14;EZK 14:20;MAT 24:37;MAT 24:38;LUK 3:36;LUK 17:26;LUK 17:27;HEB 11:7;1PE 3:20
Q200902,GEN 5:32;GEN 6:10;GEN 7:7;GEN 7:13;GEN 8:16;GEN 8:18;GEN 9:1;GEN 9:8;GEN 9:18;GEN 9:22;GEN 9:23;GEN 9:26;GEN 9:27;GEN 10:1;GEN 10:21;GEN 10:22;GEN 10:31;GEN 10:32;GEN 11:10;GEN 11:11;1CH 1:4;1CH 1:17;1CH 1:24;LUK 3:36
Q229702,GEN 5:32;GEN 6:10;GEN 7:7;GEN 7:13;GEN 8:16;GEN 8:18;GEN 9:1;GEN 9:8;GEN 9:18;GEN 9:22;GEN 9:24;GEN 10:1;GEN 10:6;GEN 10:20;GEN 10:32;1CH 1:4;1CH 1:8
Q200637,GEN 5:32;GEN 6:10;GEN 7:7;GEN 7:13;GEN 8:16;GEN 8:18;GEN 9:1;GEN 9:8;GEN 9:18;GEN 9:22;GEN 9:23;GEN 9:27;GEN 10:1;GEN 10:2;GEN 10:21;GEN 10:32;1CH 1:4;1CH 1:5
Q107442921,GEN 6:18;GEN 7:13;GEN 8:18
Q204797,GEN 9:18;GEN 9:22;GEN 9:25;GEN 9:26;GEN 9:27;GEN 10:6;GEN 10:15;GEN 10:19;1CH 1:8;1CH 1:13
Q1148172,GEN 10:2;GEN 10:3;1CH 1:5;1CH 1:6
Q1964706,GEN 10:2;1CH 1:5;EZK 39:6
Q1790796,GEN 10:2;1CH 1:5
Q1684266,GEN 10:2;GEN 10:4;1CH 1:5;1CH 1:7
Q1481766,GEN 10:2;1CH 1:5
Q30973,GEN 10:2;1CH 1:5
Q1481751,GEN 10:2;1CH 1:5
Q722770,GEN 10:3;1CH 1:6
Q2918052,GEN 10:3;1CH 1:6
Q1068499,GEN 10:3;1CH 1:6
Q1330627,GEN 10:4;1CH 1:7
Q125487467,GEN 10:4
Q1138595,GEN 10:6;GEN 10:7;GEN 10:8;1CH 1:8;1CH 1:9;1CH 1:10
Q1369215,GEN 10:6;GEN 10:13;1CH 1:8;1CH 1:11
Q946939,GEN 10:6;1CH 1:8
Q23639444,GEN 10:7;1CH 1:9
Q32945196,GEN 10:7;1CH 1:9
Q13143737,GEN 10:7;1CH 1:9
Q3085764,GEN 10:7;1CH 1:9
Q124169540,GEN 10:7;1CH 1:9
Q125399193,GEN 10:7;1CH 1:9
Q124305605,GEN 10:7;1CH 1:9
Q201861,GEN 10:8;GEN 10:9;1CH 1:10;MIC 5:6
Q3541553,GEN 10:15;GEN 10:19;1CH 1:13
Q502282,GEN 10:21;GEN 10:24;GEN 10:25;GEN 11:14;GEN 11:15;GEN 11:16;GEN 11:17;1CH 1:18;1CH 1:19;1CH 1:25;LUK 3:35
Q1147704,GEN 10:22;1CH 1:17
Q2426606,GEN 10:22;1CH 1:17
Q457520,GEN 10:22;GEN 10:24;GEN 11:10;GEN 11:11;GEN 11:12;GEN 11:13;1CH 1:17;1CH 1:18;1CH 1:24;LUK 3:36
Q1815870,GEN 10:22;1CH 1:17
Q625667,GEN 10:22;GEN 10:23;1CH 1:17
Q2558734,GEN 10:23;1CH 1:17
Q2898616,GEN 10:23;1CH 1:17
Q2910407,GEN 10:23;1CH 1:17
Q13418757,GEN 10:23;1CH 1:17
Q1827950,GEN 10:24;GEN 11:12;GEN 11:13;GEN 11:14;GEN 11:15;1CH 1:18;1CH 1:24;LUK 3:35
Q1648259,GEN 10:25;GEN 11:16;GEN 11:17;GEN 11:18;GEN 11:19;1CH 1:19;1CH 1:25;LUK 3:35
Q1553059,GEN 10:25;GEN 10:26;GEN 10:29;1CH 1:19;1CH 1:20;1CH 1:23
Q2905798,GEN 10:26;1CH 1:20
Q7493584,GEN 10:26;1CH 1:20
Q2905463,GEN 10:26;1CH 1:20
Q18276083,GEN 10:26;1CH 1:20
Q5638029,GEN 10:27;1CH 1:21
Q7904500,GEN 10:27;1CH 1:21
Q63433898,GEN 10:27;1CH 1:21
Q115760490,GEN 10:28;1CH 1:22
Q14925390,GEN 10:28;1CH 1:22
Q138636936,GEN 10:28;1CH 1:22
Q125345983,GEN 10:29;1CH 1:23
Q138636935,GEN 10:29;1CH 1:23
Q44123555,GEN 10:29;1CH 1:23
Q2040793,GEN 11:18;GEN 11:19;GEN 11:20;GEN 11:21;1CH 1:25;LUK 3:35
Q1161313,GEN 11:20;GEN 11:21;GEN 11:22;GEN 11:23;1CH 1:26;LUK 3:35
Q888890,GEN 11:22;GEN 11:23;GEN 11:24;GEN 11:25;1CH 1:26;LUK 3:34
Q586541,GEN 11:24;GEN 11:25;GEN 11:26;GEN 11:27;GEN 11:28;GEN 11:31;GEN 11:32;GEN 20:12;GEN 20:13;GEN 24:7;JOS 24:2;1CH 1:26;LUK 3:34;ACT 7:4
Q9181,GEN 11:26;GEN 11:27;GEN 11:29;GEN 11:31;GEN 12:1;GEN 12:4;GEN 12:5;GEN 12:6;GEN 12:7;GEN 12:8;GEN 12:9;GEN 12:10;GEN 12:14;GEN 12:16;GEN 12:17;GEN 12:18;GEN 12:20;GEN 13:1;GEN 13:2;GEN 13:4;GEN 13:5;GEN 13:7;GEN 13:8;GEN 13:11;GEN 13:12;GEN 13:14;GEN 13:18;GEN 14:12;GEN 14:13;GEN 14:14;GEN 14:15;GEN 14:17;GEN 14:19;GEN 14:20;GEN 14:21;GEN 14:22;GEN 14:23;GEN 15:1;GEN 15:2;GEN 15:3;GEN 15:4;GEN 15:6;GEN 15:8;GEN 15:10;GEN 15:11;GEN 15:12;GEN 15:13;GEN 15:18;GEN 16:2;GEN 16:3;GEN 16:5;GEN 16:6;GEN 16:15;GEN 16:16;GEN 17:1;GEN 17:3;GEN 17:5;GEN 17:9;GEN 17:15;GEN 17:17;GEN 17:18;GEN 17:22;GEN 17:23;GEN 17:24;GEN 17:26;GEN 17:27;GEN 18:1;GEN 18:2;GEN 18:3;GEN 18:5;GEN 18:6;GEN 18:7;GEN 18:8;GEN 18:11;GEN 18:13;GEN 18:16;GEN 18:17;GEN 18:18;GEN 18:19;GEN 18:22;GEN 18:23;GEN 18:27;GEN 18:29;GEN 18:30;GEN 18:31;GEN 18:32;GEN 18:33;GEN 19:27;GEN 19:29;GEN 20:1;GEN 20:2;GEN 20:5;GEN 20:7;GEN 20:9;GEN 20:10;GEN 20:11;GEN 20:14;GEN 20:16;GEN 20:17;GEN 21:2;GEN 21:3;GEN 21:4;GEN 21:5;GEN 21:7;GEN 21:8;GEN 21:9;GEN 21:10;GEN 21:11;GEN 21:12;GEN 21:14;GEN 21:22;GEN 21:24;GEN 21:25;GEN 21:27;GEN 21:28;GEN 21:31;GEN 21:33;GEN 21:34;GEN 22:1;GEN 22:3;GEN 22:4;GEN 22:5;GEN 22:6;GEN 22:7;GEN 22:8;GEN 22:9;GEN 22:10;GEN 22:11;GEN 22:13;GEN 22:14;GEN 22:15;GEN 22:19;GEN 22:20;GEN 22:23;GEN 23:2;GEN 23:3;GEN 23:5;GEN 23:7;GEN 23:10;GEN 23:11;GEN 23:12;GEN 23:14;GEN 23:15;GEN 23:16;GEN 23:18;GEN 23:19;GEN 23:20;GEN 24:1;GEN 24:2;GEN 24:6;GEN 24:9;GEN 24:10;GEN 24:12;GEN 24:15;GEN 24:27;GEN 24:34;GEN 24:35;GEN 24:36;GEN 24:37;GEN 24:39;GEN 24:42;GEN 24:44;GEN 24:48;GEN 24:49;GEN 24:51;GEN 24:52;GEN 24:54;GEN 24:56;GEN 24:59;GEN 25:1;GEN 25:5;GEN 25:6;GEN 25:7;GEN 25:10;GEN 25:11;GEN 25:12;GEN 25:19;GEN 26:1;GEN 26:3;GEN 26:5;GEN 26:15;GEN 26:18;GEN 26:24;GEN 28:4;GEN 28:9;GEN 28:13;GEN 31:29;GEN 31:30;GEN 31:42;GEN 31:53;GEN 32:9;GEN 35:12;GEN 35:27;GEN 48:15;GEN 48:16;GEN 49:30;GEN 49:31;GEN 50:13;GEN 50:24;EXO 2:24;EXO 3:6;EXO 3:15;EXO 3:16;EXO 4:5;EXO 6:3;EXO 6:8;EXO 32:13;EXO 33:1;NUM 32:11;DEU 1:8;DEU 6:10;DEU 9:5;DEU 9:27;DEU 29:13;DEU 30:20;DEU 34:4;JOS 24:2;JOS 24:3;1KI 18:36;2KI 13:23;1CH 1:27;1CH 1:28;1CH 1:32;1CH 1:34;1CH 16:16;1CH 29:18;2CH 20:7;2CH 30:6;NEH 9:7;PSA 47:9;PSA 105:6;PSA 105:9;PSA 105:42;ISA 29:22;ISA 41:8;ISA 51:2;ISA 63:16;JER 33:26;EZK 33:24;MIC 7:20;MAT 1:1;MAT 1:2;MAT 1:17;MAT 3:9;MAT 8:11;MAT 22:32;MRK 12:26;LUK 1:55;LUK 1:73;LUK 3:8;LUK 3:34;LUK 13:16;LUK 13:28;LUK 16:22;LUK 16:23;LUK 16:24;LUK 16:25;LUK 16:29;LUK 16:30;LUK 16:31;LUK 19:9;LUK 20:37;JHN 8:33;JHN 8:37;JHN 8:39;JHN 8:40;JHN 8:52;JHN 8:53;JHN 8:56;JHN 8:57;JHN 8:58;ACT 3:13;ACT 3:25;ACT 7:2;ACT 7:4;ACT 7:5;ACT 7:8;ACT 7:16;ACT 7:17;ACT 7:32;ACT 13:26;ROM 4:1;ROM 4:2;ROM 4:3;ROM 4:9;ROM 4:12;ROM 4:13;ROM 4:16;ROM 4:18;ROM 4:23;ROM 9:7;ROM 11:1;2CO 11:22;GAL 3:6;GAL 3:7;GAL 3:8;GAL 3:9;GAL 3:14;GAL 3:16;GAL 3:18;GAL 3:29;GAL 4:22;HEB 2:16;HEB 6:13;HEB 6:15;HEB 7:1;HEB 7:2;HEB 7:4;HEB 7:5;HEB 7:6;HEB 7:9;HEB 7:10;HEB 11:8;HEB 11:12;HEB 11:17;HEB 11:19;JAS 2:21;JAS 2:23;1PE 3:6
Q6323112,GEN 11:26;GEN 11:27;GEN 11:29;GEN 22:20;GEN 22:23;GEN 22:24;GEN 24:10;GEN 24:15;GEN 24:24;GEN 24:47;GEN 24:48;GEN 29:5;GEN 31:53;JOS 24:2
Q1199156,GEN 11:26;GEN 11:27;GEN 11:28;GEN 11:29;GEN 11:31
Q40574,GEN 11:27;GEN 11:31;GEN 12:4;GEN 12:5;GEN 13:1;GEN 13:5;GEN 13:7;GEN 13:8;GEN 13:10;GEN 13:11;GEN 13:12;GEN 13:14;GEN 14:12;GEN 14:16;GEN 19:1;GEN 19:2;GEN 19:3;GEN 19:5;GEN 19:6;GEN 19:9;GEN 19:10;GEN 19:12;GEN 19:14;GEN 19:15;GEN 19:16;GEN 19:18;GEN 19:19;GEN 19:23;GEN 19:26;GEN 19:29;GEN 19:30;GEN 19:31;GEN 19:32;GEN 19:33;GEN 19:34;GEN 19:35;GEN 19:36;DEU 2:9;DEU 2:19;LUK 17:28;LUK 17:29;LUK 17:32;2PE 2:7
Q194808,GEN 11:29;GEN 11:30;GEN 11:31;GEN 12:5;GEN 12:11;GEN 12:14;GEN 12:15;GEN 12:17;GEN 12:18;GEN 12:19;GEN 12:20;GEN 13:1;GEN 16:1;GEN 16:2;GEN 16:3;GEN 16:4;GEN 16:5;GEN 16:6;GEN 16:8;GEN 16:9;GEN 17:15;GEN 17:17;GEN 17:19;GEN 17:21;GEN 18:6;GEN 18:9;GEN 18:10;GEN 18:11;GEN 18:13;GEN 18:14;GEN 18:15;GEN 20:2;GEN 20:7;GEN 20:11;GEN 20:13;GEN 20:14;GEN 20:16;GEN 20:18;GEN 21:1;GEN 21:2;GEN 21:3;GEN 21:6;GEN 21:7;GEN 21:9;GEN 21:12;GEN 23:1;GEN 23:3;GEN 23:19;GEN 24:36;GEN 24:67;GEN 25:10;GEN 25:12;GEN 49:31;ISA 51:2;ROM 4:19;ROM 9:9;GAL 4:22;GAL 4:23;GAL 4:30;GAL 4:31;HEB 11:11;1PE 3:6
Q1752707,GEN 11:29;GEN 22:20;GEN 22:23;GEN 24:15;GEN 24:24;GEN 24:47
Q6079192,GEN 11:29
Q47036567,GEN 12:15;GEN 12:17;GEN 12:18;GEN 12:20
Q2844493,GEN 14:1;GEN 14:5;GEN 14:9;GEN 14:11;GEN 14:17;HEB 7:1
Q2712606,GEN 14:1;GEN 14:5;GEN 14:9;GEN 14:11;GEN 14:17;HEB 7:1
Q2118973,GEN 14:1;GEN 14:4;GEN 14:5;GEN 14:9;GEN 14:11;GEN 14:15;GEN 14:17;HEB 7:1
Q7800767,GEN 14:1;GEN 14:5;GEN 14:9;GEN 14:11;GEN 14:17;HEB 7:1
Q4890957,GEN 14:2;GEN 14:3;GEN 14:8;GEN 14:10;GEN 14:17;GEN 14:21;GEN 14:22
Q106079868,GEN 14:2;GEN 14:3;GEN 14:8;GEN 14:10
Q9351421,GEN 14:2;GEN 14:3;GEN 14:8
Q125415429,GEN 14:2;GEN 14:3;GEN 14:8
Q141447523,GEN 14:2;GEN 14:8
Q125295074,GEN 14:13;GEN 14:24
Q125022203,GEN 14:13;GEN 14:24
Q124541960,GEN 14:13;GEN 14:24
Q219395,GEN 14:18;GEN 14:20;PSA 110:4;HEB 5:6;HEB 5:10;HEB 6:20;HEB 7:1;HEB 7:4;HEB 7:6;HEB 7:8;HEB 7:10;HEB 7:11;HEB 7:15;HEB 7:17
Q14933103,GEN 15:2
Q214617,GEN 16:1;GEN 16:2;GEN 16:3;GEN 16:4;GEN 16:5;GEN 16:6;GEN 16:7;GEN 16:8;GEN 16:13;GEN 16:15;GEN 16:16;GEN 21:9;GEN 21:10;GEN 21:12;GEN 21:13;GEN 21:14;GEN 21:17;GEN 21:21;GEN 25:12;GAL 4:22;GAL 4:23;GAL 4:30;GAL 4:31
Q183403,GEN 16:11;GEN 16:15;GEN 16:16;GEN 17:18;GEN 17:20;GEN 17:23;GEN 17:25;GEN 17:26;GEN 21:10;GEN 21:11;GEN 21:12;GEN 21:13;GEN 21:14;GEN 21:15;GEN 21:16;GEN 21:17;GEN 21:18;GEN 21:19;GEN 21:20;GEN 25:9;GEN 25:12;GEN 25:13;GEN 25:16;GEN 25:17;GEN 25:18;GEN 28:9;GEN 36:3;1CH 1:28;1CH 1:29;1CH 1:31;GAL 4:22;GAL 4:23;GAL 4:29;GAL 4:30
Q671872,GEN 17:19;GEN 17:21;GEN 21:3;GEN 21:4;GEN 21:5;GEN 21:8;GEN 21:9;GEN 21:10;GEN 21:12;GEN 22:2;GEN 22:3;GEN 22:5;GEN 22:6;GEN 22:7;GEN 22:8;GEN 22:9;GEN 22:10;GEN 22:12;GEN 22:13;GEN 22:16;GEN 24:3;GEN 24:4;GEN 24:5;GEN 24:6;GEN 24:7;GEN 24:8;GEN 24:14;GEN 24:36;GEN 24:37;GEN 24:38;GEN 24:40;GEN 24:44;GEN 24:48;GEN 24:51;GEN 24:62;GEN 24:63;GEN 24:64;GEN 24:65;GEN 24:66;GEN 24:67;GEN 25:5;GEN 25:6;GEN 25:9;GEN 25:11;GEN 25:19;GEN 25:20;GEN 25:21;GEN 25:26;GEN 25:28;GEN 26:1;GEN 26:2;GEN 26:6;GEN 26:8;GEN 26:9;GEN 26:11;GEN 26:12;GEN 26:16;GEN 26:17;GEN 26:18;GEN 26:19;GEN 26:20;GEN 26:23;GEN 26:25;GEN 26:26;GEN 26:27;GEN 26:30;GEN 26:31;GEN 26:32;GEN 26:35;GEN 27:1;GEN 27:2;GEN 27:5;GEN 27:6;GEN 27:9;GEN 27:10;GEN 27:12;GEN 27:14;GEN 27:18;GEN 27:19;GEN 27:20;GEN 27:21;GEN 27:22;GEN 27:23;GEN 27:25;GEN 27:26;GEN 27:27;GEN 27:30;GEN 27:31;GEN 27:32;GEN 27:33;GEN 27:34;GEN 27:35;GEN 27:37;GEN 27:38;GEN 27:39;GEN 27:41;GEN 27:46;GEN 28:1;GEN 28:5;GEN 28:6;GEN 28:7;GEN 28:8;GEN 28:13;GEN 28:21;GEN 31:18;GEN 31:29;GEN 31:30;GEN 31:42;GEN 31:53;GEN 32:9;GEN 35:12;GEN 35:27;GEN 35:28;GEN 37:1;GEN 46:1;GEN 48:15;GEN 48:16;GEN 49:31;GEN 50:24;EXO 2:24;EXO 3:6;EXO 3:15;EXO 3:16;EXO 4:5;EXO 6:3;EXO 6:8;EXO 32:13;EXO 33:1;NUM 32:11;DEU 1:8;DEU 6:10;DEU 9:5;DEU 9:27;DEU 29:13;DEU 30:20;DEU 34:4;JOS 24:3;JOS 24:4;1KI 18:36;2KI 13:23;1CH 1:28;1CH 1:34;1CH 16:16;1CH 29:18;PSA 105:9;JER 33:26;AMO 7:16;MAT 1:2;MAT 8:11;MAT 22:32;MRK 12:26;LUK 3:34;LUK 13:28;LUK 20:37;ACT 3:13;ACT 7:8;ACT 7:32;ROM 9:7;ROM 9:9;ROM 9:10;GAL 4:22;GAL 4:23;GAL 4:28;GAL 4:29;GAL 4:30;HEB 11:9;HEB 11:11;HEB 11:17;HEB 11:18;HEB 11:19;HEB 11:20;JAS 2:21
Q109496487,GEN 19:8;GEN 19:14;GEN 19:15;GEN 19:16;GEN 19:30;GEN 19:31;GEN 19:33;GEN 19:34;GEN 19:36;GEN 19:37
Q109496488,GEN 19:8;GEN 19:14;GEN 19:15;GEN 19:16;GEN 19:30;GEN 19:31;GEN 19:34;GEN 19:35;GEN 19:36;GEN 19:38
Q2575060,GEN 19:15;GEN 19:16;GEN 19:26;LUK 17:32
Q1585141,GEN 19:37
Q9168580,GEN 19:38
Q1343803,GEN 20:2;GEN 20:3;GEN 20:4;GEN 20:6;GEN 20:8;GEN 20:9;GEN 20:10;GEN 20:14;GEN 20:15;GEN 20:17;GEN 20:18;GEN 21:22;GEN 21:25;GEN 21:26;GEN 21:27;GEN 21:29;GEN 21:31;GEN 21:32
Q10282102,GEN 21:22;GEN 21:32;GEN 26:26
Q47010789,GEN 22:21;GEN 22:23
Q114056663,GEN 22:21;GEN 22:23
Q11944206,GEN 22:21;GEN 22:23
Q138782434,GEN 22:21
Q114056787,GEN 22:22;GEN 22:23
Q114056831,GEN 22:22;GEN 22:23
Q125072190,GEN 22:22;GEN 22:23
Q125188731,GEN 22:22;GEN 22:23
Q1579827,GEN 22:22;GEN 22:23;GEN 24:15;GEN 24:23;GEN 24:24;GEN 24:47;GEN 24:50;GEN 25:20;GEN 28:2;GEN 28:5
Q40520,GEN 22:23;GEN 24:15;GEN 24:16;GEN 24:28;GEN 24:29;GEN 24:30;GEN 24:45;GEN 24:48;GEN 24:51;GEN 24:53;GEN 24:55;GEN 24:57;GEN 24:58;GEN 24:59;GEN 24:60;GEN 24:61;GEN 24:64;GEN 24:67;GEN 25:20;GEN 25:21;GEN 25:22;GEN 25:28;GEN 26:7;GEN 26:8;GEN 26:10;GEN 26:11;GEN 26:35;GEN 27:5;GEN 27:6;GEN 27:11;GEN 27:13;GEN 27:14;GEN 27:15;GEN 27:29;GEN 27:42;GEN 27:46;GEN 28:2;GEN 28:5;GEN 28:7;GEN 29:12;GEN 29:13;GEN 35:8;GEN 49:31;ROM 9:10
Q108773808,GEN 22:24
Q14923275,GEN 22:24
Q125150030,GEN 22:24
Q125484379,GEN 22:24
Q125295940,GEN 22:24
Q2335214,GEN 23:3;GEN 23:10;GEN 27:46;1CH 1:13
Q6775384,GEN 23:8;GEN 23:10;GEN 23:13;GEN 23:14;GEN 23:16;GEN 23:17;GEN 25:9;GEN 49:29;GEN 49:30;GEN 50:13
Q138714970,GEN 23:8;GEN 25:9
Q840401,GEN 24:29;GEN 24:31;GEN 24:33;GEN 24:50;GEN 25:20;GEN 27:43;GEN 28:2;GEN 28:5;GEN 29:5;GEN 29:9;GEN 29:10;GEN 29:12;GEN 29:13;GEN 29:14;GEN 29:15;GEN 29:16;GEN 29:19;GEN 29:21;GEN 29:22;GEN 29:23;GEN 29:24;GEN 29:25;GEN 29:26;GEN 29:28;GEN 29:29;GEN 29:30;GEN 30:25;GEN 30:27;GEN 30:31;GEN 30:34;GEN 30:35;GEN 30:36;GEN 30:40;GEN 30:42;GEN 31:1;GEN 31:2;GEN 31:5;GEN 31:6;GEN 31:9;GEN 31:12;GEN 31:14;GEN 31:16;GEN 31:19;GEN 31:20;GEN 31:22;GEN 31:24;GEN 31:25;GEN 31:26;GEN 31:33;GEN 31:34;GEN 31:35;GEN 31:36;GEN 31:43;GEN 31:47;GEN 31:48;GEN 31:49;GEN 31:51;GEN 31:55;GEN 32:4;GEN 46:18;GEN 46:25
Q2903219,GEN 24:59;GEN 35:8
Q908531,GEN 25:1;GEN 25:4;1CH 1:32;1CH 1:33
Q786540,GEN 25:2;1CH 1:32
Q737548,GEN 25:2;GEN 25:3;1CH 1:32
Q1212757,GEN 25:2;1CH 1:32
Q755316,GEN 25:2;GEN 25:4;1CH 1:32;1CH 1:33
Q594903,GEN 25:2;1CH 1:32
Q369850,GEN 25:2;1CH 1:32
Q9332549,GEN 25:3;1CH 1:32
Q124819618,GEN 25:3;1CH 1:32
Q5382125,GEN 25:4;1CH 1:33
Q5382171,GEN 25:4;1CH 1:33
Q108207665,GEN 25:4;1CH 1:33
Q3314892,GEN 25:4;1CH 1:33
Q124325068,GEN 25:4;1CH 1:33
Q3773487,GEN 25:13;GEN 28:9;GEN 36:3;1CH 1:29
Q21087985,GEN 25:13;1CH 1:29
Q24238724,GEN 25:13;1CH 1:29
Q14925213,GEN 25:13;1CH 1:29
Q20101216,GEN 25:14;1CH 1:30
Q5313606,GEN 25:14;1CH 1:30
Q21087988,GEN 25:14;1CH 1:30
Q22004334,GEN 25:15;1CH 1:30
Q20101919,GEN 25:15;1CH 1:30
Q11927540,GEN 25:15;1CH 1:31;1CH 5:19
Q10335361,GEN 25:15;1CH 1:31;1CH 5:19
Q11944201,GEN 25:15;1CH 1:31
Q289957,GEN 25:22;GEN 25:23;GEN 25:26;GEN 25:27;GEN 25:28;GEN 25:29;GEN 25:30;GEN 25:31;GEN 25:33;GEN 25:34;GEN 27:6;GEN 27:8;GEN 27:11;GEN 27:13;GEN 27:14;GEN 27:15;GEN 27:17;GEN 27:18;GEN 27:19;GEN 27:21;GEN 27:22;GEN 27:25;GEN 27:30;GEN 27:35;GEN 27:36;GEN 27:40;GEN 27:41;GEN 27:42;GEN 27:43;GEN 27:46;GEN 28:1;GEN 28:5;GEN 28:6;GEN 28:7;GEN 28:10;GEN 28:12;GEN 28:16;GEN 28:18;GEN 28:20;GEN 29:1;GEN 29:4;GEN 29:5;GEN 29:6;GEN 29:7;GEN 29:10;GEN 29:11;GEN 29:13;GEN 29:14;GEN 29:18;GEN 29:20;GEN 29:21;GEN 29:23;GEN 29:25;GEN 29:28;GEN 29:30;GEN 30:1;GEN 30:2;GEN 30:4;GEN 30:7;GEN 30:9;GEN 30:10;GEN 30:12;GEN 30:15;GEN 30:16;GEN 30:17;GEN 30:18;GEN 30:19;GEN 30:20;GEN 30:25;GEN 30:29;GEN 30:31;GEN 30:36;GEN 30:37;GEN 30:40;GEN 30:41;GEN 30:42;GEN 30:43;GEN 31:1;GEN 31:2;GEN 31:3;GEN 31:4;GEN 31:11;GEN 31:17;GEN 31:20;GEN 31:22;GEN 31:23;GEN 31:24;GEN 31:25;GEN 31:26;GEN 31:29;GEN 31:31;GEN 31:32;GEN 31:33;GEN 31:36;GEN 31:43;GEN 31:45;GEN 31:47;GEN 31:51;GEN 31:53;GEN 31:54;GEN 32:1;GEN 32:2;GEN 32:3;GEN 32:4;GEN 32:6;GEN 32:7;GEN 32:9;GEN 32:10;GEN 32:13;GEN 32:18;GEN 32:20;GEN 32:21;GEN 32:22;GEN 32:24;GEN 32:25;GEN 32:26;GEN 32:27;GEN 32:28;GEN 32:29;GEN 32:30;GEN 32:32;GEN 33:1;GEN 33:3;GEN 33:5;GEN 33:8;GEN 33:9;GEN 33:10;GEN 33:11;GEN 33:13;GEN 33:15;GEN 33:17;GEN 33:18;GEN 34:1;GEN 34:3;GEN 34:5;GEN 34:6;GEN 34:7;GEN 34:11;GEN 34:13;GEN 34:19;GEN 34:25;GEN 34:27;GEN 34:30;GEN 35:1;GEN 35:2;GEN 35:4;GEN 35:5;GEN 35:6;GEN 35:7;GEN 35:8;GEN 35:9;GEN 35:10;GEN 35:14;GEN 35:15;GEN 35:20;GEN 35:21;GEN 35:22;GEN 35:23;GEN 35:26;GEN 35:27;GEN 35:29;GEN 36:6;GEN 37:1;GEN 37:2;GEN 37:3;GEN 37:4;GEN 37:10;GEN 37:11;GEN 37:12;GEN 37:13;GEN 37:14;GEN 37:22;GEN 37:33;GEN 37:34;GEN 37:35;GEN 41:51;GEN 42:1;GEN 42:4;GEN 42:5;GEN 42:11;GEN 42:13;GEN 42:29;GEN 42:32;GEN 42:35;GEN 42:36;GEN 42:37;GEN 42:38;GEN 43:2;GEN 43:6;GEN 43:7;GEN 43:8;GEN 43:11;GEN 43:27;GEN 43:28;GEN 44:20;GEN 44:22;GEN 44:24;GEN 44:25;GEN 44:27;GEN 44:30;GEN 44:31;GEN 44:32;GEN 44:34;GEN 45:3;GEN 45:9;GEN 45:13;GEN 45:18;GEN 45:19;GEN 45:21;GEN 45:23;GEN 45:25;GEN 45:26;GEN 45:27;GEN 45:28;GEN 46:1;GEN 46:2;GEN 46:5;GEN 46:6;GEN 46:7;GEN 46:8;GEN 46:15;GEN 46:18;GEN 46:19;GEN 46:22;GEN 46:25;GEN 46:26;GEN 46:27;GEN 46:28;GEN 46:29;GEN 46:30;GEN 46:31;GEN 47:1;GEN 47:5;GEN 47:6;GEN 47:7;GEN 47:9;GEN 47:10;GEN 47:11;GEN 47:12;GEN 47:28;GEN 47:29;GEN 47:31;GEN 48:1;GEN 48:2;GEN 48:3;GEN 48:8;GEN 48:9;GEN 48:10;GEN 48:11;GEN 48:12;GEN 48:13;GEN 48:14;GEN 48:17;GEN 48:18;GEN 48:19;GEN 48:20;GEN 48:21;GEN 49:1;GEN 49:2;GEN 49:7;GEN 49:8;GEN 49:16;GEN 49:24;GEN 49:28;GEN 49:29;GEN 49:33;GEN 50:1;GEN 50:2;GEN 50:5;GEN 50:6;GEN 50:8;GEN 50:12;GEN 50:14;GEN 50:15;GEN 50:16;GEN 50:22;GEN 50:24;GEN 50:25;EXO 1:1;EXO 1:5;EXO 2:24;EXO 3:6;EXO 3:15;EXO 3:16;EXO 4:5;EXO 6:3;EXO 6:8;EXO 19:3;EXO 32:13;EXO 33:1;NUM 20:14;NUM 23:7;NUM 23:10;NUM 23:21;NUM 23:23;NUM 24:5;NUM 24:17;NUM 24:18;NUM 24:19;NUM 32:11;DEU 1:8;DEU 6:10;DEU 9:5;DEU 9:27;DEU 23:17;DEU 26:5;DEU 29:13;DEU 30:20;DEU 32:9;DEU 33:4;DEU 33:10;DEU 33:28;DEU 34:4;JOS 24:4;JOS 24:32;JDG 18:29;1SA 12:8;2SA 23:1;1KI 18:31;1KI 18:36;2KI 13:23;2KI 17:34;1CH 1:34;1CH 2:1;1CH 5:1;1CH 5:3;1CH 6:38;1CH 7:29;1CH 16:13;1CH 16:17;1CH 29:10;1CH 29:18;PSA 20:1;PSA 22:23;PSA 24:6;PSA 44:4;PSA 46:7;PSA 46:11;PSA 47:4;PSA 53:6;PSA 59:13;PSA 75:9;PSA 76:6;PSA 77:15;PSA 78:5;PSA 78:21;PSA 78:71;PSA 79:7;PSA 81:1;PSA 81:4;PSA 84:8;PSA 85:1;PSA 87:2;PSA 94:7;PSA 99:4;PSA 105:6;PSA 105:10;PSA 105:23;PSA 132:2;PSA 132:5;PSA 135:4;PSA 136:22;PSA 146:5;PSA 147:19;ISA 2:3;ISA 2:5;ISA 2:6;ISA 8:17;ISA 9:8;ISA 10:20;ISA 10:21;ISA 14:1;ISA 17:4;ISA 27:6;ISA 27:9;ISA 29:22;ISA 29:23;ISA 31:6;ISA 40:27;ISA 41:8;ISA 41:14;ISA 41:21;ISA 42:24;ISA 43:1;ISA 43:22;ISA 43:28;ISA 44:1;ISA 44:2;ISA 44:5;ISA 44:21;ISA 44:23;ISA 45:4;ISA 45:19;ISA 46:3;ISA 48:1;ISA 48:12;ISA 48:20;ISA 49:5;ISA 49:6;ISA 49:26;ISA 58:1;ISA 58:14;ISA 59:20;ISA 60:16;ISA 63:16;ISA 65:9;JER 2:4;JER 2:14;JER 5:20;JER 10:16;JER 10:25;JER 30:7;JER 30:10;JER 30:18;JER 31:7;JER 31:11;JER 33:26;JER 46:27;JER 46:28;JER 51:19;LAM 1:17;LAM 2:2;LAM 2:3;EZK 20:5;EZK 28:25;EZK 37:25;EZK 39:25;HOS 12:2;HOS 12:12;AMO 3:13;AMO 6:8;AMO 7:2;AMO 7:5;AMO 8:7;AMO 9:7;AMO 9:8;OBA 1:10;OBA 1:12;OBA 1:17;OBA 1:18;MIC 1:5;MIC 2:7;MIC 2:12;MIC 3:1;MIC 3:8;MIC 3:9;MIC 4:2;MIC 5:7;MIC 5:8;MIC 7:20;NAM 2:2;MAL 1:2;MAL 2:12;MAL 3:6;MAT 1:2;MAT 8:11;MAT 22:32;MRK 12:26;LUK 1:33;LUK 3:34;LUK 13:28;LUK 20:37;JHN 4:5;JHN 4:6;JHN 4:12;ACT 3:13;ACT 7:8;ACT 7:12;ACT 7:14;ACT 7:15;ACT 7:32;ACT 7:46;ROM 9:10;ROM 9:11;ROM 9:12;ROM 9:13;HEB 11:9;HEB 11:20;HEB 11:21
Q220822,GEN 25:22;GEN 25:23;GEN 25:25;GEN 25:26;GEN 25:27;GEN 25:28;GEN 25:29;GEN 25:32;GEN 25:33;GEN 25:34;GEN 26:34;GEN 27:1;GEN 27:5;GEN 27:6;GEN 27:11;GEN 27:15;GEN 27:19;GEN 27:21;GEN 27:22;GEN 27:23;GEN 27:24;GEN 27:30;GEN 27:31;GEN 27:32;GEN 27:34;GEN 27:36;GEN 27:37;GEN 27:38;GEN 27:41;GEN 27:42;GEN 27:44;GEN 27:45;GEN 28:5;GEN 28:6;GEN 28:9;GEN 32:3;GEN 32:4;GEN 32:5;GEN 32:6;GEN 32:8;GEN 32:11;GEN 32:13;GEN 32:17;GEN 32:18;GEN 32:19;GEN 32:20;GEN 33:1;GEN 33:3;GEN 33:4;GEN 33:5;GEN 33:8;GEN 33:9;GEN 33:12;GEN 33:15;GEN 33:16;GEN 35:1;GEN 35:7;GEN 35:29;GEN 36:1;GEN 36:2;GEN 36:4;GEN 36:5;GEN 36:6;GEN 36:8;GEN 36:9;GEN 36:10;GEN 36:12;GEN 36:13;GEN 36:14;GEN 36:15;GEN 36:17;GEN 36:18;GEN 36:19;GEN 36:40;GEN 36:43;DEU 2:4;DEU 2:5;DEU 2:8;DEU 2:12;DEU 2:22;DEU 2:29;JOS 24:4;1CH 1:34;1CH 1:35;JER 49:8;JER 49:10;HOS 12:3;OBA 1:6;OBA 1:8;OBA 1:9;OBA 1:18;OBA 1:19;OBA 1:21;MAL 1:2;MAL 1:3;ROM 9:10;ROM 9:11;ROM 9:12;ROM 9:13;HEB 11:20;HEB 12:16
Q16142336,GEN 26:1;GEN 26:8;GEN 26:9;GEN 26:10;GEN 26:11;GEN 26:16;GEN 26:26
Q119092445,GEN 26:26
Q3187975,GEN 26:34
Q124751781,GEN 26:34
Q3320047,GEN 26:34;GEN 36:3;GEN 36:4;GEN 36:10;GEN 36:13;GEN 36:17
Q65252558,GEN 26:34;GEN 36:2
Q2669401,GEN 28:9
Q207389,GEN 29:6;GEN 29:9;GEN 29:10;GEN 29:11;GEN 29:12;GEN 29:16;GEN 29:17;GEN 29:18;GEN 29:20;GEN 29:25;GEN 29:27;GEN 29:28;GEN 29:29;GEN 29:30;GEN 29:31;GEN 30:1;GEN 30:2;GEN 30:4;GEN 30:6;GEN 30:7;GEN 30:8;GEN 30:14;GEN 30:15;GEN 30:22;GEN 30:25;GEN 30:26;GEN 31:4;GEN 31:14;GEN 31:17;GEN 31:19;GEN 31:26;GEN 31:28;GEN 31:31;GEN 31:32;GEN 31:33;GEN 31:34;GEN 31:35;GEN 31:41;GEN 31:43;GEN 31:50;GEN 31:55;GEN 32:22;GEN 33:1;GEN 33:2;GEN 33:5;GEN 33:7;GEN 35:16;GEN 35:19;GEN 35:20;GEN 35:24;GEN 35:25;GEN 37:10;GEN 43:29;GEN 44:20;GEN 44:27;GEN 46:19;GEN 46:22;GEN 46:25;GEN 48:7;RUT 4:11;1SA 10:2;JER 31:15;MAT 2:18
Q128847,GEN 29:16;GEN 29:17;GEN 29:23;GEN 29:24;GEN 29:25;GEN 29:30;GEN 29:31;GEN 29:32;GEN 29:34;GEN 29:35;GEN 30:9;GEN 30:10;GEN 30:11;GEN 30:12;GEN 30:13;GEN 30:14;GEN 30:15;GEN 30:16;GEN 30:17;GEN 30:18;GEN 30:19;GEN 30:21;GEN 30:26;GEN 31:4;GEN 31:14;GEN 31:17;GEN 31:26;GEN 31:28;GEN 31:31;GEN 31:33;GEN 31:41;GEN 31:43;GEN 31:50;GEN 31:55;GEN 32:22;GEN 33:1;GEN 33:2;GEN 33:5;GEN 33:7;GEN 34:1;GEN 35:23;GEN 35:26;GEN 46:15;GEN 46:18;GEN 49:31;RUT 4:11
Q221826,GEN 29:24;GEN 30:9;GEN 30:10;GEN 30:12;GEN 31:17;GEN 31:33;GEN 32:22;GEN 33:1;GEN 33:2;GEN 33:5;GEN 33:6;GEN 35:26;GEN 37:2;GEN 46:18
Q794991,GEN 29:29;GEN 30:3;GEN 30:4;GEN 30:5;GEN 30:7;GEN 31:17;GEN 31:33;GEN 32:22;GEN 33:1;GEN 33:2;GEN 33:5;GEN 33:6;GEN 35:22;GEN 35:25;GEN 37:2;GEN 46:25;1CH 7:13
Q625661,GEN 29:32;GEN 30:14;GEN 30:15;GEN 30:16;GEN 30:26;GEN 31:17;GEN 31:28;GEN 31:55;GEN 32:22;GEN 33:2;GEN 33:5;GEN 33:7;GEN 34:5;GEN 34:13;GEN 34:27;GEN 35:22;GEN 35:23;GEN 37:2;GEN 37:3;GEN 37:4;GEN 37:5;GEN 37:8;GEN 37:9;GEN 37:10;GEN 37:11;GEN 37:12;GEN 37:13;GEN 37:14;GEN 37:16;GEN 37:17;GEN 37:18;GEN 37:21;GEN 37:22;GEN 37:23;GEN 37:26;GEN 37:28;GEN 37:29;GEN 38:1;GEN 42:1;GEN 42:3;GEN 42:6;GEN 42:7;GEN 42:8;GEN 42:22;GEN 42:37;GEN 43:16;GEN 43:17;GEN 43:18;GEN 43:25;GEN 43:32;GEN 44:33;GEN 45:1;GEN 45:3;GEN 45:4;GEN 45:15;GEN 45:16;GEN 45:24;GEN 45:25;GEN 46:5;GEN 46:8;GEN 46:9;GEN 46:26;GEN 46:31;GEN 47:1;GEN 47:5;GEN 47:6;GEN 47:11;GEN 47:12;GEN 48:5;GEN 48:22;GEN 49:1;GEN 49:3;GEN 49:8;GEN 49:26;GEN 50:8;GEN 50:12;GEN 50:14;GEN 50:15;GEN 50:17;GEN 50:18;GEN 50:21;GEN 50:24;EXO 1:2;EXO 6:14;EXO 28:9;EXO 28:11;EXO 28:12;EXO 28:29;EXO 28:30;EXO 28:38;EXO 39:6;EXO 39:7;EXO 39:14;NUM 1:5;NUM 1:20;NUM 1:21;NUM 2:10;NUM 2:16;NUM 10:18;NUM 13:4;NUM 26:5;NUM 26:7;DEU 27:13;DEU 33:6;JOS 24:4;1CH 2:1;1CH 5:1;1CH 5:3;ACT 7:8;ACT 7:9;ACT 7:11;ACT 7:12;ACT 7:13
Q1773005,GEN 29:33;GEN 30:26;GEN 31:17;GEN 31:28;GEN 31:55;GEN 32:22;GEN 33:2;GEN 33:5;GEN 33:7;GEN 34:5;GEN 34:13;GEN 34:25;GEN 34:30;GEN 35:23;GEN 37:2;GEN 37:3;GEN 37:4;GEN 37:5;GEN 37:8;GEN 37:9;GEN 37:10;GEN 37:11;GEN 37:12;GEN 37:13;GEN 37:14;GEN 37:16;GEN 37:17;GEN 37:18;GEN 37:23;GEN 37:26;GEN 37:28;GEN 37:30;GEN 38:1;GEN 42:1;GEN 42:3;GEN 42:6;GEN 42:7;GEN 42:8;GEN 42:24;GEN 42:34;GEN 42:36;GEN 43:14;GEN 43:23;GEN 43:32;GEN 44:33;GEN 45:1;GEN 45:3;GEN 45:4;GEN 45:15;GEN 45:16;GEN 45:24;GEN 45:25;GEN 46:5;GEN 46:10;GEN 46:26;GEN 46:31;GEN 47:1;GEN 47:5;GEN 47:6;GEN 47:11;GEN 47:12;GEN 48:5;GEN 48:22;GEN 49:1;GEN 49:5;GEN 49:8;GEN 49:26;GEN 50:8;GEN 50:12;GEN 50:14;GEN 50:15;GEN 50:17;GEN 50:18;GEN 50:21;GEN 50:24;EXO 1:2;EXO 6:15;EXO 28:9;EXO 28:11;EXO 28:12;EXO 28:29;EXO 28:30;EXO 28:38;EXO 39:6;EXO 39:7;EXO 39:14;NUM 1:6;NUM 1:22;NUM 1:23;NUM 2:12;NUM 10:19;NUM 13:5;NUM 26:12;NUM 26:14;NUM 34:20;DEU 27:12;JOS 24:4;1CH 2:1;1CH 4:24;ACT 7:8;ACT 7:9;ACT 7:11;ACT 7:12;ACT 7:13
Q215512,GEN 29:34;GEN 30:26;GEN 31:17;GEN 31:28;GEN 31:55;GEN 32:22;GEN 33:2;GEN 33:5;GEN 33:7;GEN 34:5;GEN 34:13;GEN 34:25;GEN 34:30;GEN 35:23;GEN 37:2;GEN 37:3;GEN 37:4;GEN 37:5;GEN 37:8;GEN 37:9;GEN 37:10;GEN 37:11;GEN 37:12;GEN 37:13;GEN 37:14;GEN 37:16;GEN 37:17;GEN 37:18;GEN 37:23;GEN 37:26;GEN 37:28;GEN 37:30;GEN 38:1;GEN 42:1;GEN 42:3;GEN 42:6;GEN 42:7;GEN 42:8;GEN 43:16;GEN 43:17;GEN 43:18;GEN 43:25;GEN 43:32;GEN 44:33;GEN 45:1;GEN 45:3;GEN 45:4;GEN 45:15;GEN 45:16;GEN 45:24;GEN 45:25;GEN 46:5;GEN 46:11;GEN 46:26;GEN 46:31;GEN 47:1;GEN 47:5;GEN 47:6;GEN 47:11;GEN 47:12;GEN 48:22;GEN 49:1;GEN 49:5;GEN 49:8;GEN 49:26;GEN 50:8;GEN 50:12;GEN 50:14;GEN 50:15;GEN 50:17;GEN 50:18;GEN 50:21;GEN 50:24;EXO 1:2;EXO 2:1;EXO 6:16;EXO 28:9;EXO 28:11;EXO 28:12;EXO 28:29;EXO 28:30;EXO 28:38;EXO 39:6;EXO 39:7;EXO 39:14;NUM 1:49;NUM 3:6;NUM 3:17;NUM 16:1;NUM 16:7;NUM 16:8;NUM 17:3;NUM 17:8;NUM 18:2;NUM 26:59;DEU 10:8;DEU 10:9;DEU 18:1;DEU 18:5;DEU 21:5;DEU 27:12;DEU 31:9;DEU 33:8;JOS 24:4;1CH 2:1;1CH 6:1;1CH 6:16;1CH 6:38;1CH 6:43;1CH 6:47;1CH 23:6;1CH 23:24;1CH 24:20;EZR 8:18;NEH 12:23;PSA 135:20;MAL 3:3;ACT 7:8;ACT 7:9;ACT 7:11;ACT 7:12;ACT 7:13;HEB 7:5;HEB 7:6;HEB 7:9;HEB 7:10
Q282220,GEN 29:35;GEN 30:26;GEN 31:17;GEN 31:28;GEN 31:55;GEN 32:22;GEN 33:2;GEN 33:5;GEN 33:7;GEN 34:5;GEN 34:13;GEN 34:27;GEN 35:23;GEN 37:2;GEN 37:3;GEN 37:4;GEN 37:5;GEN 37:8;GEN 37:9;GEN 37:10;GEN 37:11;GEN 37:12;GEN 37:13;GEN 37:14;GEN 37:16;GEN 37:17;GEN 37:18;GEN 37:23;GEN 37:26;GEN 37:28;GEN 37:30;GEN 38:1;GEN 38:2;GEN 38:3;GEN 38:6;GEN 38:7;GEN 38:8;GEN 38:11;GEN 38:12;GEN 38:13;GEN 38:15;GEN 38:17;GEN 38:20;GEN 38:22;GEN 38:23;GEN 38:24;GEN 38:25;GEN 38:26;GEN 42:1;GEN 42:3;GEN 42:6;GEN 42:7;GEN 42:8;GEN 43:3;GEN 43:8;GEN 43:16;GEN 43:17;GEN 43:18;GEN 43:25;GEN 43:32;GEN 44:14;GEN 44:16;GEN 44:18;GEN 44:33;GEN 45:1;GEN 45:3;GEN 45:4;GEN 45:15;GEN 45:16;GEN 45:24;GEN 45:25;GEN 46:5;GEN 46:12;GEN 46:26;GEN 46:28;GEN 46:31;GEN 47:1;GEN 47:5;GEN 47:6;GEN 47:11;GEN 47:12;GEN 48:22;GEN 49:1;GEN 49:8;GEN 49:9;GEN 49:10;GEN 49:26;GEN 50:8;GEN 50:12;GEN 50:14;GEN 50:15;GEN 50:17;GEN 50:18;GEN 50:21;GEN 50:24;EXO 1:2;EXO 28:9;EXO 28:11;EXO 28:12;EXO 28:29;EXO 28:30;EXO 28:38;EXO 31:2;EXO 35:30;EXO 38:22;EXO 39:6;EXO 39:7;EXO 39:14;NUM 1:7;NUM 1:26;NUM 1:27;NUM 2:3;NUM 2:9;NUM 7:12;NUM 10:14;NUM 13:6;NUM 26:19;NUM 26:20;NUM 26:22;NUM 34:19;DEU 27:12;DEU 33:7;JOS 7:1;JOS 7:18;JOS 15:12;JOS 15:63;JOS 24:4;RUT 4:12;1CH 2:1;1CH 2:3;1CH 2:4;1CH 2:10;1CH 4:1;1CH 4:21;1CH 4:27;1CH 5:2;1CH 9:3;1CH 9:4;1CH 28:4;NEH 11:4;NEH 11:24;PSA 48:11;ZEC 10:3;ZEC 10:6;MAT 1:2;MAT 1:3;LUK 3:33;ACT 7:8;ACT 7:9;ACT 7:11;ACT 7:12;ACT 7:13;HEB 7:14
Q550869,GEN 30:6;GEN 30:26;GEN 31:17;GEN 31:28;GEN 31:55;GEN 32:22;GEN 33:2;GEN 33:5;GEN 33:6;GEN 34:5;GEN 34:13;GEN 34:27;GEN 35:25;GEN 37:2;GEN 37:3;GEN 37:4;GEN 37:5;GEN 37:8;GEN 37:9;GEN 37:10;GEN 37:11;GEN 37:12;GEN 37:13;GEN 37:14;GEN 37:16;GEN 37:17;GEN 37:18;GEN 37:23;GEN 37:26;GEN 37:28;GEN 37:30;GEN 38:1;GEN 42:1;GEN 42:3;GEN 42:6;GEN 42:7;GEN 42:8;GEN 43:16;GEN 43:17;GEN 43:18;GEN 43:25;GEN 43:32;GEN 44:33;GEN 45:1;GEN 45:3;GEN 45:4;GEN 45:15;GEN 45:16;GEN 45:24;GEN 45:25;GEN 46:5;GEN 46:23;GEN 46:26;GEN 46:31;GEN 47:1;GEN 47:5;GEN 47:6;GEN 47:11;GEN 47:12;GEN 48:22;GEN 49:1;GEN 49:8;GEN 49:16;GEN 49:26;GEN 50:8;GEN 50:12;GEN 50:14;GEN 50:15;GEN 50:17;GEN 50:18;GEN 50:21;GEN 50:24;EXO 1:4;EXO 28:9;EXO 28:11;EXO 28:12;EXO 28:29;EXO 28:30;EXO 28:38;EXO 31:6;EXO 35:34;EXO 38:23;EXO 39:6;EXO 39:7;EXO 39:14;NUM 1:12;NUM 1:38;NUM 1:39;NUM 2:25;NUM 2:31;NUM 10:25;NUM 13:12;NUM 26:42;NUM 34:22;DEU 27:13;DEU 33:22;JOS 19:47;JOS 24:4;JDG 18:29;1CH 2:2;2CH 2:14;AMO 8:14;ACT 7:8;ACT 7:9;ACT 7:11;ACT 7:12;ACT 7:13
Q1771963,GEN 30:8;GEN 30:26;GEN 31:17;GEN 31:28;GEN 31:55;GEN 32:22;GEN 33:2;GEN 33:5;GEN 33:6;GEN 34:5;GEN 34:13;GEN 34:27;GEN 35:25;GEN 37:2;GEN 37:3;GEN 37:4;GEN 37:5;GEN 37:8;GEN 37:9;GEN 37:10;GEN 37:11;GEN 37:12;GEN 37:13;GEN 37:14;GEN 37:16;GEN 37:17;GEN 37:18;GEN 37:23;GEN 37:26;GEN 37:28;GEN 37:30;GEN 38:1;GEN 42:1;GEN 42:3;GEN 42:6;GEN 42:7;GEN 42:8;GEN 43:16;GEN 43:17;GEN 43:18;GEN 43:25;GEN 43:32;GEN 44:33;GEN 45:1;GEN 45:3;GEN 45:4;GEN 45:15;GEN 45:16;GEN 45:24;GEN 45:25;GEN 46:5;GEN 46:24;GEN 46:26;GEN 46:31;GEN 47:1;GEN 47:5;GEN 47:6;GEN 47:11;GEN 47:12;GEN 48:22;GEN 49:1;GEN 49:8;GEN 49:21;GEN 49:26;GEN 50:8;GEN 50:12;GEN 50:14;GEN 50:15;GEN 50:17;GEN 50:18;GEN 50:21;GEN 50:24;EXO 1:4;EXO 28:9;EXO 28:11;EXO 28:12;EXO 28:29;EXO 28:30;EXO 28:38;EXO 39:6;EXO 39:7;EXO 39:14;NUM 1:15;NUM 1:42;NUM 1:43;NUM 2:29;NUM 10:27;NUM 13:14;NUM 26:48;NUM 26:50;NUM 34:28;DEU 27:13;DEU 33:23;JOS 24:4;1CH 2:2;1CH 7:13;ACT 7:8;ACT 7:9;ACT 7:11;ACT 7:12;ACT 7:13
Q851749,GEN 30:11;GEN 30:26;GEN 31:17;GEN 31:28;GEN 31:55;GEN 32:22;GEN 33:2;GEN 33:5;GEN 33:6;GEN 34:5;GEN 34:13;GEN 34:27;GEN 35:26;GEN 37:2;GEN 37:3;GEN 37:4;GEN 37:5;GEN 37:8;GEN 37:9;GEN 37:10;GEN 37:11;GEN 37:12;GEN 37:13;GEN 37:14;GEN 37:16;GEN 37:17;GEN 37:18;GEN 37:23;GEN 37:26;GEN 37:28;GEN 37:30;GEN 38:1;GEN 42:1;GEN 42:3;GEN 42:6;GEN 42:7;GEN 42:8;GEN 43:16;GEN 43:17;GEN 43:18;GEN 43:25;GEN 43:32;GEN 44:33;GEN 45:1;GEN 45:3;GEN 45:4;GEN 45:15;GEN 45:16;GEN 45:24;GEN 45:25;GEN 46:5;GEN 46:16;GEN 46:26;GEN 46:31;GEN 47:1;GEN 47:5;GEN 47:6;GEN 47:11;GEN 47:12;GEN 48:22;GEN 49:1;GEN 49:8;GEN 49:19;GEN 49:26;GEN 50:8;GEN 50:12;GEN 50:14;GEN 50:15;GEN 50:17;GEN 50:18;GEN 50:21;GEN 50:24;EXO 1:4;EXO 28:9;EXO 28:11;EXO 28:12;EXO 28:29;EXO 28:30;EXO 28:38;EXO 39:6;EXO 39:7;EXO 39:14;NUM 1:14;NUM 1:24;NUM 1:25;NUM 2:14;NUM 10:20;NUM 13:15;NUM 26:15;NUM 26:18;DEU 27:13;DEU 33:20;JOS 24:4;1CH 2:2;ACT 7:8;ACT 7:9;ACT 7:11;ACT 7:12;ACT 7:13
Q1775026,GEN 30:13;GEN 30:26;GEN 31:17;GEN 31:28;GEN 31:55;GEN 32:22;GEN 33:2;GEN 33:5;GEN 33:6;GEN 34:5;GEN 34:13;GEN 34:27;GEN 35:26;GEN 37:2;GEN 37:3;GEN 37:4;GEN 37:5;GEN 37:8;GEN 37:9;GEN 37:10;GEN 37:11;GEN 37:12;GEN 37:13;GEN 37:14;GEN 37:16;GEN 37:17;GEN 37:18;GEN 37:23;GEN 37:26;GEN 37:28;GEN 37:30;GEN 38:1;GEN 42:1;GEN 42:3;GEN 42:6;GEN 42:7;GEN 42:8;GEN 43:16;GEN 43:17;GEN 43:18;GEN 43:25;GEN 43:32;GEN 44:33;GEN 45:1;GEN 45:3;GEN 45:4;GEN 45:15;GEN 45:16;GEN 45:24;GEN 45:25;GEN 46:5;GEN 46:17;GEN 46:26;GEN 46:31;GEN 47:1;GEN 47:5;GEN 47:6;GEN 47:11;GEN 47:12;GEN 48:22;GEN 49:1;GEN 49:8;GEN 49:20;GEN 49:26;GEN 50:8;GEN 50:12;GEN 50:14;GEN 50:15;GEN 50:17;GEN 50:18;GEN 50:21;GEN 50:24;EXO 1:4;EXO 28:9;EXO 28:11;EXO 28:12;EXO 28:29;EXO 28:30;EXO 28:38;EXO 39:6;EXO 39:7;EXO 39:14;NUM 1:13;NUM 1:40;NUM 1:41;NUM 2:27;NUM 10:26;NUM 13:13;NUM 26:44;NUM 26:46;NUM 26:47;NUM 34:27;DEU 27:13;DEU 33:24;JOS 24:4;1CH 2:2;1CH 7:30;1CH 7:40;ACT 7:8;ACT 7:9;ACT 7:11;ACT 7:12;ACT 7:13
Q651256,GEN 30:18;GEN 30:26;GEN 31:17;GEN 31:28;GEN 31:55;GEN 32:22;GEN 33:2;GEN 33:5;GEN 33:7;GEN 34:5;GEN 34:13;GEN 34:27;GEN 35:23;GEN 37:2;GEN 37:3;GEN 37:4;GEN 37:5;GEN 37:8;GEN 37:9;GEN 37:10;GEN 37:11;GEN 37:12;GEN 37:13;GEN 37:14;GEN 37:16;GEN 37:17;GEN 37:18;GEN 37:23;GEN 37:26;GEN 37:28;GEN 37:30;GEN 38:1;GEN 42:1;GEN 42:3;GEN 42:6;GEN 42:7;GEN 42:8;GEN 43:16;GEN 43:17;GEN 43:18;GEN 43:25;GEN 43:32;GEN 44:33;GEN 45:1;GEN 45:3;GEN 45:4;GEN 45:15;GEN 45:16;GEN 45:24;GEN 45:25;GEN 46:5;GEN 46:13;GEN 46:26;GEN 46:31;GEN 47:1;GEN 47:5;GEN 47:6;GEN 47:11;GEN 47:12;GEN 48:22;GEN 49:1;GEN 49:8;GEN 49:14;GEN 49:26;GEN 50:8;GEN 50:12;GEN 50:14;GEN 50:15;GEN 50:17;GEN 50:18;GEN 50:21;GEN 50:24;EXO 1:3;EXO 28:9;EXO 28:11;EXO 28:12;EXO 28:29;EXO 28:30;EXO 28:38;EXO 39:6;EXO 39:7;EXO 39:14;NUM 1:8;NUM 1:28;NUM 1:29;NUM 2:5;NUM 7:18;NUM 10:15;NUM 13:7;NUM 26:23;NUM 26:25;NUM 34:26;DEU 27:12;DEU 33:18;JOS 24:4;1CH 2:1;1CH 7:1;1CH 7:5;ACT 7:8;ACT 7:9;ACT 7:11;ACT 7:12;ACT 7:13
Q614575,GEN 30:20;GEN 30:26;GEN 31:17;GEN 31:28;GEN 31:55;GEN 32:22;GEN 33:2;GEN 33:5;GEN 33:7;GEN 34:5;GEN 34:13;GEN 34:27;GEN 35:23;GEN 37:2;GEN 37:3;GEN 37:4;GEN 37:5;GEN 37:8;GEN 37:9;GEN 37:10;GEN 37:11;GEN 37:12;GEN 37:13;GEN 37:14;GEN 37:16;GEN 37:17;GEN 37:18;GEN 37:23;GEN 37:26;GEN 37:28;GEN 37:30;GEN 38:1;GEN 42:1;GEN 42:3;GEN 42:6;GEN 42:7;GEN 42:8;GEN 43:16;GEN 43:17;GEN 43:18;GEN 43:25;GEN 43:32;GEN 44:33;GEN 45:1;GEN 45:3;GEN 45:4;GEN 45:15;GEN 45:16;GEN 45:24;GEN 45:25;GEN 46:5;GEN 46:14;GEN 46:26;GEN 46:31;GEN 47:1;GEN 47:5;GEN 47:6;GEN 47:11;GEN 47:12;GEN 48:22;GEN 49:1;GEN 49:8;GEN 49:13;GEN 49:26;GEN 50:8;GEN 50:12;GEN 50:14;GEN 50:15;GEN 50:17;GEN 50:18;GEN 50:21;GEN 50:24;EXO 1:3;EXO 28:9;EXO 28:11;EXO 28:12;EXO 28:29;EXO 28:30;EXO 28:38;EXO 39:6;EXO 39:7;EXO 39:14;NUM 1:9;NUM 1:30;NUM 1:31;NUM 2:7;NUM 10:16;NUM 13:10;NUM 26:26;NUM 26:27;NUM 34:25;DEU 27:13;DEU 33:18;JOS 24:4;1CH 2:1;ACT 7:8;ACT 7:9;ACT 7:11;ACT 7:12;ACT 7:13
Q122035,GEN 30:21;GEN 30:26;GEN 31:17;GEN 31:28;GEN 31:55;GEN 33:2;GEN 33:5;GEN 33:7;GEN 34:1;GEN 34:3;GEN 34:4;GEN 34:5;GEN 34:7;GEN 34:8;GEN 34:11;GEN 34:12;GEN 34:13;GEN 34:14;GEN 34:17;GEN 34:19;GEN 34:25;GEN 34:26;GEN 34:27;GEN 34:31;GEN 46:15
Q145746,GEN 30:24;GEN 30:25;GEN 30:26;GEN 31:17;GEN 31:28;GEN 31:55;GEN 32:22;GEN 33:2;GEN 33:5;GEN 33:7;GEN 34:5;GEN 34:13;GEN 34:27;GEN 35:24;GEN 37:2;GEN 37:3;GEN 37:4;GEN 37:5;GEN 37:9;GEN 37:12;GEN 37:13;GEN 37:14;GEN 37:16;GEN 37:17;GEN 37:18;GEN 37:21;GEN 37:22;GEN 37:23;GEN 37:28;GEN 37:29;GEN 37:31;GEN 37:32;GEN 37:33;GEN 37:34;GEN 37:35;GEN 37:36;GEN 39:1;GEN 39:2;GEN 39:4;GEN 39:5;GEN 39:6;GEN 39:7;GEN 39:10;GEN 39:11;GEN 39:12;GEN 39:16;GEN 39:19;GEN 39:20;GEN 39:22;GEN 39:23;GEN 40:3;GEN 40:4;GEN 40:6;GEN 40:8;GEN 40:9;GEN 40:12;GEN 40:16;GEN 40:18;GEN 40:22;GEN 40:23;GEN 41:14;GEN 41:15;GEN 41:16;GEN 41:17;GEN 41:25;GEN 41:38;GEN 41:39;GEN 41:41;GEN 41:42;GEN 41:43;GEN 41:44;GEN 41:45;GEN 41:46;GEN 41:48;GEN 41:49;GEN 41:50;GEN 41:51;GEN 41:54;GEN 41:55;GEN 41:56;GEN 41:57;GEN 42:3;GEN 42:4;GEN 42:6;GEN 42:7;GEN 42:8;GEN 42:9;GEN 42:14;GEN 42:17;GEN 42:21;GEN 42:22;GEN 42:23;GEN 42:25;GEN 42:36;GEN 42:38;GEN 43:15;GEN 43:16;GEN 43:17;GEN 43:18;GEN 43:19;GEN 43:24;GEN 43:25;GEN 43:26;GEN 43:29;GEN 43:30;GEN 43:32;GEN 43:33;GEN 43:34;GEN 44:1;GEN 44:2;GEN 44:4;GEN 44:8;GEN 44:14;GEN 44:15;GEN 44:17;GEN 44:18;GEN 44:20;GEN 44:27;GEN 45:1;GEN 45:3;GEN 45:4;GEN 45:9;GEN 45:12;GEN 45:14;GEN 45:15;GEN 45:16;GEN 45:17;GEN 45:21;GEN 45:24;GEN 45:26;GEN 45:27;GEN 45:28;GEN 46:4;GEN 46:19;GEN 46:20;GEN 46:26;GEN 46:27;GEN 46:28;GEN 46:29;GEN 46:30;GEN 46:31;GEN 47:1;GEN 47:3;GEN 47:5;GEN 47:7;GEN 47:11;GEN 47:12;GEN 47:14;GEN 47:15;GEN 47:16;GEN 47:17;GEN 47:20;GEN 47:21;GEN 47:23;GEN 47:26;GEN 47:29;GEN 47:30;GEN 47:31;GEN 48:1;GEN 48:2;GEN 48:3;GEN 48:8;GEN 48:9;GEN 48:10;GEN 48:11;GEN 48:12;GEN 48:13;GEN 48:15;GEN 48:17;GEN 48:18;GEN 48:21;GEN 49:1;GEN 49:8;GEN 49:22;GEN 49:26;GEN 50:1;GEN 50:2;GEN 50:4;GEN 50:7;GEN 50:8;GEN 50:10;GEN 50:12;GEN 50:14;GEN 50:15;GEN 50:16;GEN 50:17;GEN 50:19;GEN 50:21;GEN 50:22;GEN 50:23;GEN 50:24;GEN 50:25;GEN 50:26;EXO 1:5;EXO 1:6;EXO 1:8;EXO 13:19;EXO 28:9;EXO 28:11;EXO 28:12;EXO 28:29;EXO 28:30;EXO 28:38;EXO 39:6;EXO 39:7;EXO 39:14;NUM 1:10;NUM 1:32;NUM 13:11;NUM 26:28;NUM 26:37;NUM 27:1;NUM 32:33;NUM 34:23;NUM 36:1;NUM 36:5;NUM 36:12;DEU 27:12;DEU 33:13;DEU 33:16;JOS 14:4;JOS 16:1;JOS 16:4;JOS 17:2;JOS 17:14;JOS 17:17;JOS 18:5;JOS 18:11;JOS 24:4;JOS 24:32;2SA 19:20;1KI 11:28;1CH 2:2;1CH 5:1;1CH 5:2;1CH 7:29;PSA 77:15;PSA 78:67;PSA 81:5;PSA 105:17;EZK 37:16;EZK 37:19;EZK 47:13;EZK 48:32;AMO 5:6;AMO 5:15;AMO 6:6;OBA 1:18;ZEC 10:6;JHN 4:5;ACT 7:8;ACT 7:9;ACT 7:10;ACT 7:13;ACT 7:14;ACT 7:18;HEB 11:21;HEB 11:22
Q1573937,GEN 33:19;GEN 34:2;GEN 34:4;GEN 34:6;GEN 34:8;GEN 34:13;GEN 34:18;GEN 34:20;GEN 34:24;GEN 34:26;JOS 24:32;JDG 9:28
Q22054796,GEN 33:19;GEN 34:2;GEN 34:4;GEN 34:5;GEN 34:6;GEN 34:7;GEN 34:8;GEN 34:11;GEN 34:13;GEN 34:18;GEN 34:19;GEN 34:20;GEN 34:24;GEN 34:26;JOS 24:32
Q460763,GEN 35:18;GEN 35:24;GEN 37:2;GEN 37:3;GEN 37:4;GEN 37:5;GEN 37:8;GEN 37:9;GEN 37:10;GEN 37:11;GEN 37:12;GEN 37:13;GEN 37:14;GEN 37:16;GEN 37:17;GEN 37:18;GEN 37:23;GEN 37:26;GEN 37:28;GEN 37:30;GEN 38:1;GEN 42:1;GEN 42:4;GEN 42:13;GEN 42:15;GEN 42:16;GEN 42:20;GEN 42:32;GEN 42:34;GEN 42:36;GEN 42:38;GEN 43:3;GEN 43:4;GEN 43:5;GEN 43:7;GEN 43:8;GEN 43:13;GEN 43:14;GEN 43:15;GEN 43:16;GEN 43:17;GEN 43:18;GEN 43:25;GEN 43:29;GEN 43:30;GEN 43:32;GEN 43:34;GEN 44:2;GEN 44:12;GEN 44:20;GEN 44:22;GEN 44:23;GEN 44:26;GEN 44:27;GEN 44:30;GEN 44:31;GEN 44:32;GEN 45:1;GEN 45:3;GEN 45:4;GEN 45:12;GEN 45:14;GEN 45:15;GEN 45:16;GEN 45:22;GEN 45:24;GEN 45:25;GEN 46:5;GEN 46:19;GEN 46:21;GEN 46:26;GEN 46:31;GEN 47:1;GEN 47:5;GEN 47:6;GEN 47:11;GEN 47:12;GEN 48:22;GEN 49:1;GEN 49:8;GEN 49:26;GEN 49:27;GEN 50:8;GEN 50:12;GEN 50:14;GEN 50:15;GEN 50:17;GEN 50:18;GEN 50:21;GEN 50:24;EXO 1:3;EXO 28:9;EXO 28:11;EXO 28:12;EXO 28:29;EXO 28:30;EXO 28:38;EXO 39:6;EXO 39:7;EXO 39:14;NUM 1:11;NUM 1:36;NUM 1:37;NUM 2:22;NUM 10:24;NUM 13:9;NUM 26:38;NUM 26:41;NUM 34:21;DEU 27:12;DEU 33:12;JOS 24:4;1CH 2:2;1CH 7:6;1CH 8:1;1CH 8:40;1CH 9:3;NEH 11:4;NEH 11:7;NEH 11:31;JER 6:1;OBA 1:19;ACT 7:8;ACT 7:9;ACT 7:11;ACT 7:12;ACT 7:13;ROM 11:1;PHP 3:5
Q20529408,GEN 36:2;GEN 36:4;GEN 36:10;GEN 36:12;GEN 36:16
Q2344483,GEN 36:2;GEN 36:5;GEN 36:14;GEN 36:18;GEN 36:25
Q42532204,GEN 36:2;GEN 36:14;GEN 36:18;GEN 36:20;GEN 36:24;GEN 36:25;1CH 1:38;1CH 1:40;1CH 1:41
Q42532003,GEN 36:2;GEN 36:20;GEN 36:24;GEN 36:29;1CH 1:38;1CH 1:40
Q2899130,GEN 36:4;GEN 36:10;GEN 36:11;GEN 36:12;GEN 36:15;GEN 36:16;1CH 1:35;1CH 1:36
Q32979741,GEN 36:4;GEN 36:10;GEN 36:13;GEN 36:17;1CH 1:35;1CH 1:37
Q10306885,GEN 36:5;GEN 36:14;GEN 36:18;1CH 1:35
Q125263542,GEN 36:5;GEN 36:14;GEN 36:18;1CH 1:35
Q85774893,GEN 36:5;GEN 36:14;GEN 36:18;1CH 1:35
Q134715631,GEN 36:11;GEN 36:15;1CH 1:36
Q7089609,GEN 36:11;GEN 36:15;1CH 1:36
Q8069299,GEN 36:11;GEN 36:15;1CH 1:36
Q10287969,GEN 36:11;GEN 36:16;1CH 1:36
Q114627203,GEN 36:11;GEN 36:15;1CH 1:36
Q32979730,GEN 36:12;1CH 1:36
Q372091,GEN 36:12;GEN 36:16;DEU 25:19;1CH 1:36
Q108487406,GEN 36:13;GEN 36:17;1CH 1:37
Q108487424,GEN 36:13;GEN 36:17;1CH 1:37
Q114627891,GEN 36:13;GEN 36:17;1CH 1:37
Q6884915,GEN 36:13;GEN 36:17;1CH 1:37
Q42532277,GEN 36:20;GEN 36:21;1CH 1:38
Q6684617,GEN 36:20;GEN 36:22;GEN 36:29;1CH 1:38;1CH 1:39
Q125423902,GEN 36:20;GEN 36:23;GEN 36:29;1CH 1:38;1CH 1:40
Q124820244,GEN 36:21;GEN 36:26;GEN 36:30;1CH 1:38;1CH 1:41
Q10274802,GEN 36:21;GEN 36:27;GEN 36:30;1CH 1:38;1CH 1:42
Q124820697,GEN 36:21;GEN 36:28;GEN 36:30;1CH 1:38;1CH 1:42
Q55120394,GEN 36:22;1CH 1:39
Q106084820,GEN 36:22;1CH 1:39
Q124552466,GEN 36:23;1CH 1:40
Q125315789,GEN 36:23;1CH 1:40
Q125045346,GEN 36:23;1CH 1:40
Q138580874,GEN 36:23;1CH 1:40
Q138580877,GEN 36:23;1CH 1:40
Q123189281,GEN 36:24;1CH 1:40
Q124821119,GEN 36:25;1CH 1:41
Q124556126,GEN 36:26;1CH 1:41
Q125038626,GEN 36:26;1CH 1:41
Q125263780,GEN 36:26;1CH 1:41
Q138580889,GEN 36:26;1CH 1:41
Q140363313,GEN 36:27;1CH 1:42
Q125498533,GEN 36:27;1CH 1:42
Q124556245,GEN 36:27;1CH 1:42
Q138580891,GEN 36:28;1CH 1:42
Q124556347,GEN 36:28;1CH 1:42
Q4081479,GEN 36:32;GEN 36:33;1CH 1:43;1CH 1:44
Q124759391,GEN 36:32;1CH 1:43
Q6206768,GEN 36:33;GEN 36:34;1CH 1:44;1CH 1:45
Q138780026,GEN 36:33
Q5949264,GEN 36:34;GEN 36:35;1CH 1:45;1CH 1:46
Q5637556,GEN 36:35;GEN 36:36;1CH 1:46;1CH 1:47
Q124759472,GEN 36:35;1CH 1:46
Q7409616,GEN 36:36;GEN 36:37;1CH 1:47;1CH 1:48
Q138580913,GEN 36:37;GEN 36:38;1CH 1:48;1CH 1:49
Q5717054,GEN 36:38;GEN 36:39;1CH 1:49;1CH 1:50
Q135454512,GEN 36:38;GEN 36:39;1CH 1:49
Q134468308,GEN 36:39;1CH 1:50;1CH 1:51
Q93697104,GEN 36:39;1CH 1:50
Q125271641,GEN 36:39;1CH 1:50
Q125316367,GEN 36:39;1CH 1:50
Q138710420,GEN 36:40;1CH 1:51
Q5353134,GEN 36:41;1CH 1:52
Q125264444,GEN 36:43;1CH 1:54
Q1148687,GEN 37:36;GEN 39:1;GEN 39:2;GEN 39:3;GEN 39:4;GEN 39:6;GEN 39:7;GEN 39:8;GEN 39:10;GEN 39:16;GEN 39:19;GEN 39:20
Q141447641,GEN 37:36;GEN 39:1;GEN 39:20;GEN 40:1;GEN 40:2;GEN 40:5;GEN 40:7;GEN 40:11;GEN 40:13;GEN 40:14;GEN 40:17;GEN 40:19;GEN 40:20;GEN 40:21;GEN 40:22;GEN 41:1;GEN 41:4;GEN 41:7;GEN 41:8;GEN 41:9;GEN 41:10;GEN 41:14;GEN 41:15;GEN 41:16;GEN 41:17;GEN 41:25;GEN 41:28;GEN 41:32;GEN 41:33;GEN 41:34;GEN 41:35;GEN 41:37;GEN 41:38;GEN 41:39;GEN 41:41;GEN 41:42;GEN 41:44;GEN 41:45;GEN 41:46;GEN 41:55;GEN 42:15;GEN 42:16;GEN 44:18;GEN 45:2;GEN 45:8;GEN 45:16;GEN 45:17;GEN 45:21;GEN 46:5;GEN 46:31;GEN 46:33;GEN 47:1;GEN 47:2;GEN 47:3;GEN 47:4;GEN 47:5;GEN 47:7;GEN 47:8;GEN 47:10;GEN 47:11;GEN 47:14;GEN 47:19;GEN 47:20;GEN 47:22;GEN 47:23;GEN 47:24;GEN 47:25;GEN 47:26;GEN 50:4;GEN 50:6;GEN 50:7;PSA 105:20;ACT 7:10;ACT 7:13
Q65238144,GEN 38:1;GEN 38:12;GEN 38:20;GEN 38:22
Q6940768,GEN 38:2;GEN 38:12;1CH 2:3
Q30226376,GEN 38:2;GEN 38:12
Q1347943,GEN 38:3;GEN 38:6;GEN 38:7;GEN 38:8;GEN 38:9;GEN 38:11;GEN 46:12;NUM 26:19;1CH 2:3;1CH 2:4;1CH 4:21
Q661074,GEN 38:4;GEN 38:8;GEN 38:9;GEN 38:10;GEN 38:11;GEN 46:12;NUM 26:19;1CH 2:3;1CH 2:4
Q1294423,GEN 38:5;GEN 38:11;GEN 38:14;GEN 38:26;GEN 46:12;NUM 26:20;1CH 2:3;1CH 2:4;1CH 4:21
Q1030008,GEN 38:6;GEN 38:8;GEN 38:9;GEN 38:11;GEN 38:13;GEN 38:19;GEN 38:24;GEN 38:25;GEN 38:27;RUT 4:12;1CH 2:4;MAT 1:3
Q1814684,GEN 38:29;GEN 46:12;NUM 26:20;NUM 26:21;RUT 4:12;RUT 4:18;1CH 2:4;1CH 2:5;1CH 4:1;1CH 9:4;1CH 27:3;NEH 11:4;NEH 11:6;MAT 1:3;LUK 3:33
Q3223065,GEN 38:30;GEN 46:12;NUM 26:20;JOS 7:1;JOS 7:18;JOS 7:24;JOS 22:20;1CH 2:4;1CH 2:6;NEH 11:24;MAT 1:3
Q3860078,GEN 39:7;GEN 39:8;GEN 39:9;GEN 39:10;GEN 39:16;GEN 39:19
Q723681,GEN 41:45;GEN 41:50;GEN 46:20
Q7234956,GEN 41:45;GEN 41:50;GEN 46:20
Q1056931,GEN 41:51;GEN 46:20;GEN 46:27;GEN 48:1;GEN 48:5;GEN 48:10;GEN 48:12;GEN 48:13;GEN 48:14;GEN 48:16;GEN 48:17;GEN 48:20;GEN 50:23;NUM 1:10;NUM 1:34;NUM 1:35;NUM 2:20;NUM 10:23;NUM 13:11;NUM 26:28;NUM 26:29;NUM 26:34;NUM 27:1;NUM 32:33;NUM 32:39;NUM 32:40;NUM 32:41;NUM 34:14;NUM 34:23;NUM 36:1;NUM 36:12;DEU 3:13;DEU 3:14;DEU 29:8;DEU 33:17;JOS 13:31;JOS 14:4;JOS 16:4;JOS 16:9;JOS 17:1;JOS 17:2;JOS 17:3;JOS 17:5;JOS 17:6;JOS 17:7;JOS 17:8;JOS 17:11;JOS 17:12;1KI 4:13;1CH 7:14;1CH 7:17;1CH 9:3;HEB 11:21
Q203251,GEN 41:52;GEN 46:20;GEN 46:27;GEN 48:1;GEN 48:5;GEN 48:10;GEN 48:12;GEN 48:13;GEN 48:14;GEN 48:16;GEN 48:17;GEN 48:19;GEN 48:20;GEN 50:23;NUM 1:10;NUM 1:32;NUM 1:33;NUM 2:18;NUM 2:24;NUM 10:22;NUM 13:8;NUM 26:28;NUM 26:35;NUM 26:37;NUM 34:24;DEU 33:17;JOS 14:4;JOS 16:4;JOS 16:5;JOS 16:9;1CH 7:20;1CH 7:22;1CH 9:3;JER 7:15;HEB 11:21
Q20757870,GEN 46:9;EXO 6:14;NUM 26:5;1CH 5:3
Q65128328,GEN 46:9;EXO 6:14;NUM 26:5;NUM 26:8;1CH 5:3
Q85853423,GEN 46:9;EXO 6:14;NUM 26:6;1CH 5:3
Q85853675,GEN 46:9;EXO 6:14;NUM 26:6;1CH 5:3
Q24954387,GEN 46:10;EXO 6:15;1CH 4:24
Q11716821,GEN 46:10;EXO 6:15;NUM 26:12;1CH 4:24
Q65124128,GEN 46:10;EXO 6:15
Q18088109,GEN 46:10;EXO 6:15;NUM 26:12
Q65124445,GEN 46:10;EXO 6:15;NUM 26:13;1CH 4:24
Q65125957,GEN 46:10;EXO 6:15;NUM 26:13;1CH 4:24;1CH 4:25
Q2915121,GEN 46:11;EXO 6:16;EXO 6:17;NUM 3:17;NUM 3:18;NUM 3:21;NUM 26:57;JOS 21:6;1CH 6:1;1CH 6:16;1CH 6:17;1CH 6:20;1CH 6:43;1CH 23:6
Q2914557,GEN 46:11;EXO 6:16;EXO 6:18;NUM 3:17;NUM 3:19;NUM 3:27;NUM 16:1;NUM 26:57;NUM 26:58;JOS 21:5;1CH 6:1;1CH 6:2;1CH 6:16;1CH 6:18;1CH 6:38;1CH 23:6;1CH 23:12;2CH 34:12
Q2670550,GEN 46:11;EXO 6:16;EXO 6:19;NUM 3:17;NUM 3:20;NUM 3:33;NUM 3:36;NUM 4:29;NUM 26:57;JOS 21:7;JOS 21:40;1CH 6:1;1CH 6:16;1CH 6:19;1CH 6:29;1CH 6:44;1CH 6:47;1CH 9:14;1CH 23:6;1CH 23:21;1CH 24:26;1CH 24:27;1CH 26:19;2CH 34:12;EZR 8:19
Q4177234,GEN 46:12;NUM 26:21;RUT 4:18;RUT 4:19;1CH 2:5;1CH 2:9;1CH 2:18;1CH 2:21;1CH 2:24;1CH 2:25;1CH 4:1;MAT 1:3;LUK 3:33
Q65129982,GEN 46:12;NUM 26:21;1CH 2:5
Q3992381,GEN 46:13;NUM 26:23;1CH 7:1;1CH 7:2
Q85854338,GEN 46:13;NUM 26:23;1CH 7:1
Q85853555,GEN 46:13;NUM 26:24;1CH 7:1
Q85854694,GEN 46:13;NUM 26:24;1CH 7:1
Q44126900,GEN 46:14;NUM 26:26
Q44126901,GEN 46:14;NUM 26:26
Q44126902,GEN 46:14;NUM 26:26
Q85854942,GEN 46:16;NUM 26:15
Q85853387,GEN 46:16;NUM 26:15
Q85854721,GEN 46:16;NUM 26:15
Q85853189,GEN 46:16;NUM 26:16
Q85853183,GEN 46:16;NUM 26:16
Q85852721,GEN 46:16;NUM 26:17
Q85852725,GEN 46:16;NUM 26:17
Q67219744,GEN 46:17;NUM 26:44;1CH 7:30
Q67219745,GEN 46:17;1CH 7:30
Q67219746,GEN 46:17;NUM 26:44;1CH 7:30
Q85852816,GEN 46:17;NUM 26:44;NUM 26:45;1CH 7:30;1CH 7:31
Q2899037,GEN 46:17;NUM 26:46;1CH 7:30
Q85853470,GEN 46:17;NUM 26:45;1CH 7:31;1CH 7:32
Q85854115,GEN 46:17;NUM 26:45;1CH 7:31
Q22018139,GEN 46:21;NUM 26:38;NUM 26:40;1CH 7:6;1CH 7:7;1CH 8:1;1CH 8:3
Q85852881,GEN 46:21;1CH 7:6;1CH 7:8
Q85852737,GEN 46:21;NUM 26:38;1CH 8:1
Q85853373,GEN 46:21
Q31841835,GEN 46:21
Q85853140,GEN 46:21;NUM 26:38
Q85854575,GEN 46:21
Q85854185,GEN 46:21;NUM 26:39
Q85853451,GEN 46:21;NUM 26:39
Q638332,GEN 46:21
Q6582523,GEN 46:23;NUM 26:42
Q67219740,GEN 46:24;NUM 26:48;1CH 7:13
Q80198030,GEN 46:24;NUM 26:48;1CH 7:13
Q67219747,GEN 46:24;NUM 26:49;1CH 7:13
Q85854718,GEN 46:24;NUM 26:49;1CH 7:13
Q85854026,GEN 50:23;NUM 26:29;NUM 27:1;NUM 32:39;NUM 32:40;NUM 36:1;DEU 3:15;JOS 13:31;JOS 17:1;JOS 17:3;1CH 2:21;1CH 2:23;1CH 7:14;1CH 7:15;1CH 7:16;1CH 7:17
Q141453395,EXO 1:8;EXO 1:11;EXO 1:15;EXO 1:17;EXO 1:18;EXO 1:19;EXO 1:22;EXO 2:5;EXO 2:7;EXO 2:8;EXO 2:9;EXO 2:10;EXO 2:15;EXO 2:23;HEB 11:23
Q767434,EXO 1:15;EXO 1:17;EXO 1:19
Q21959799,EXO 1:15;EXO 1:17;EXO 1:19
Q477527,EXO 2:1;EXO 6:18;EXO 6:20;NUM 3:19;NUM 26:58;NUM 26:59;1CH 6:2;1CH 6:3;1CH 6:18;1CH 23:12;1CH 23:13
Q594805,EXO 2:1;EXO 2:8;EXO 2:9;EXO 6:20;NUM 26:59
Q9077,EXO 2:2;EXO 2:3;EXO 2:6;EXO 2:8;EXO 2:9;EXO 2:10;EXO 2:11;EXO 2:13;EXO 2:14;EXO 2:15;EXO 2:17;EXO 2:20;EXO 2:21;EXO 2:22;EXO 3:1;EXO 3:2;EXO 3:3;EXO 3:4;EXO 3:6;EXO 3:11;EXO 3:13;EXO 3:14;EXO 3:15;EXO 4:1;EXO 4:3;EXO 4:4;EXO 4:6;EXO 4:7;EXO 4:10;EXO 4:13;EXO 4:14;EXO 4:18;EXO 4:19;EXO 4:20;EXO 4:21;EXO 4:24;EXO 4:25;EXO 4:27;EXO 4:28;EXO 4:29;EXO 4:30;EXO 5:1;EXO 5:4;EXO 5:20;EXO 5:22;EXO 6:1;EXO 6:2;EXO 6:9;EXO 6:10;EXO 6:12;EXO 6:13;EXO 6:20;EXO 6:26;EXO 6:27;EXO 6:28;EXO 6:30;EXO 7:1;EXO 7:6;EXO 7:7;EXO 7:8;EXO 7:10;EXO 7:14;EXO 7:19;EXO 7:20;EXO 7:22;EXO 8:1;EXO 8:5;EXO 8:8;EXO 8:9;EXO 8:10;EXO 8:12;EXO 8:13;EXO 8:15;EXO 8:16;EXO 8:20;EXO 8:25;EXO 8:26;EXO 8:29;EXO 8:30;EXO 8:31;EXO 9:1;EXO 9:8;EXO 9:10;EXO 9:11;EXO 9:12;EXO 9:13;EXO 9:22;EXO 9:23;EXO 9:27;EXO 9:29;EXO 9:33;EXO 9:35;EXO 10:1;EXO 10:3;EXO 10:6;EXO 10:8;EXO 10:9;EXO 10:11;EXO 10:12;EXO 10:13;EXO 10:16;EXO 10:18;EXO 10:21;EXO 10:22;EXO 10:24;EXO 10:25;EXO 10:28;EXO 10:29;EXO 11:1;EXO 11:3;EXO 11:4;EXO 11:8;EXO 11:9;EXO 11:10;EXO 12:1;EXO 12:21;EXO 12:28;EXO 12:31;EXO 12:35;EXO 12:43;EXO 12:50;EXO 13:1;EXO 13:3;EXO 13:19;EXO 14:1;EXO 14:11;EXO 14:13;EXO 14:15;EXO 14:21;EXO 14:26;EXO 14:27;EXO 14:31;EXO 15:1;EXO 15:22;EXO 15:24;EXO 15:25;EXO 16:2;EXO 16:4;EXO 16:6;EXO 16:8;EXO 16:9;EXO 16:11;EXO 16:15;EXO 16:19;EXO 16:20;EXO 16:22;EXO 16:24;EXO 16:25;EXO 16:28;EXO 16:32;EXO 16:33;EXO 16:34;EXO 17:2;EXO 17:3;EXO 17:4;EXO 17:5;EXO 17:6;EXO 17:9;EXO 17:10;EXO 17:11;EXO 17:12;EXO 17:14;EXO 17:15;EXO 18:1;EXO 18:2;EXO 18:3;EXO 18:5;EXO 18:6;EXO 18:7;EXO 18:8;EXO 18:12;EXO 18:13;EXO 18:14;EXO 18:15;EXO 18:17;EXO 18:24;EXO 18:25;EXO 18:26;EXO 18:27;EXO 19:3;EXO 19:7;EXO 19:8;EXO 19:9;EXO 19:10;EXO 19:14;EXO 19:17;EXO 19:19;EXO 19:20;EXO 19:23;EXO 19:25;EXO 20:19;EXO 20:20;EXO 20:21;EXO 20:22;EXO 24:1;EXO 24:2;EXO 24:3;EXO 24:4;EXO 24:6;EXO 24:8;EXO 24:9;EXO 24:12;EXO 24:13;EXO 24:15;EXO 24:16;EXO 24:18;EXO 25:1;EXO 30:11;EXO 30:17;EXO 30:22;EXO 30:34;EXO 31:1;EXO 31:12;EXO 31:18;EXO 32:1;EXO 32:7;EXO 32:9;EXO 32:11;EXO 32:15;EXO 32:17;EXO 32:18;EXO 32:19;EXO 32:21;EXO 32:23;EXO 32:25;EXO 32:26;EXO 32:28;EXO 32:29;EXO 32:30;EXO 32:31;EXO 32:33;EXO 33:1;EXO 33:5;EXO 33:7;EXO 33:8;EXO 33:9;EXO 33:11;EXO 33:12;EXO 33:15;EXO 33:17;EXO 33:18;EXO 34:1;EXO 34:4;EXO 34:6;EXO 34:8;EXO 34:27;EXO 34:28;EXO 34:29;EXO 34:30;EXO 34:31;EXO 34:32;EXO 34:33;EXO 34:34;EXO 34:35;EXO 35:1;EXO 35:4;EXO 35:20;EXO 35:29;EXO 35:30;EXO 36:2;EXO 36:3;EXO 36:5;EXO 36:6;EXO 38:21;EXO 38:22;EXO 39:1;EXO 39:5;EXO 39:7;EXO 39:21;EXO 39:26;EXO 39:29;EXO 39:31;EXO 39:32;EXO 39:33;EXO 39:42;EXO 39:43;EXO 40:1;EXO 40:16;EXO 40:18;EXO 40:20;EXO 40:22;EXO 40:26;EXO 40:31;EXO 40:32;EXO 40:33;EXO 40:35;LEV 1:1;LEV 4:1;LEV 5:14;LEV 6:1;LEV 6:8;LEV 6:19;LEV 6:24;LEV 7:22;LEV 7:28;LEV 7:38;LEV 8:1;LEV 8:4;LEV 8:5;LEV 8:6;LEV 8:9;LEV 8:10;LEV 8:13;LEV 8:14;LEV 8:15;LEV 8:16;LEV 8:18;LEV 8:19;LEV 8:21;LEV 8:22;LEV 8:23;LEV 8:24;LEV 8:25;LEV 8:28;LEV 8:29;LEV 8:30;LEV 8:31;LEV 8:36;LEV 9:1;LEV 9:5;LEV 9:6;LEV 9:7;LEV 9:10;LEV 9:21;LEV 9:23;LEV 10:3;LEV 10:4;LEV 10:5;LEV 10:6;LEV 10:7;LEV 10:11;LEV 10:12;LEV 10:16;LEV 10:19;LEV 10:20;LEV 11:1;LEV 12:1;LEV 13:1;LEV 14:1;LEV 14:33;LEV 15:1;LEV 16:1;LEV 16:2;LEV 16:34;LEV 17:1;LEV 18:1;LEV 19:1;LEV 20:1;LEV 21:1;LEV 21:16;LEV 21:24;LEV 22:1;LEV 22:17;LEV 22:26;LEV 23:1;LEV 23:9;LEV 23:23;LEV 23:26;LEV 23:33;LEV 23:44;LEV 24:1;LEV 24:11;LEV 24:13;LEV 24:23;LEV 25:1;LEV 26:46;LEV 27:1;LEV 27:34;NUM 1:1;NUM 1:17;NUM 1:19;NUM 1:44;NUM 1:48;NUM 1:54;NUM 2:1;NUM 2:33;NUM 2:34;NUM 3:1;NUM 3:5;NUM 3:11;NUM 3:14;NUM 3:16;NUM 3:38;NUM 3:39;NUM 3:40;NUM 3:42;NUM 3:44;NUM 3:49;NUM 3:51;NUM 4:1;NUM 4:17;NUM 4:21;NUM 4:34;NUM 4:37;NUM 4:41;NUM 4:45;NUM 4:46;NUM 4:49;NUM 5:1;NUM 5:4;NUM 5:5;NUM 5:11;NUM 6:1;NUM 6:22;NUM 7:1;NUM 7:4;NUM 7:6;NUM 7:11;NUM 7:89;NUM 8:1;NUM 8:3;NUM 8:4;NUM 8:5;NUM 8:20;NUM 8:22;NUM 8:23;NUM 9:1;NUM 9:4;NUM 9:5;NUM 9:6;NUM 9:7;NUM 9:8;NUM 9:9;NUM 9:23;NUM 10:1;NUM 10:13;NUM 10:29;NUM 10:31;NUM 10:35;NUM 11:2;NUM 11:10;NUM 11:11;NUM 11:16;NUM 11:21;NUM 11:23;NUM 11:24;NUM 11:25;NUM 11:27;NUM 11:28;NUM 11:29;NUM 11:30;NUM 12:1;NUM 12:2;NUM 12:3;NUM 12:4;NUM 12:7;NUM 12:8;NUM 12:11;NUM 12:13;NUM 12:14;NUM 13:1;NUM 13:3;NUM 13:16;NUM 13:17;NUM 13:26;NUM 13:27;NUM 13:30;NUM 14:2;NUM 14:5;NUM 14:11;NUM 14:13;NUM 14:26;NUM 14:36;NUM 14:39;NUM 14:41;NUM 14:44;NUM 15:1;NUM 15:17;NUM 15:22;NUM 15:23;NUM 15:33;NUM 15:35;NUM 15:36;NUM 15:37;NUM 16:2;NUM 16:3;NUM 16:4;NUM 16:8;NUM 16:12;NUM 16:15;NUM 16:16;NUM 16:18;NUM 16:20;NUM 16:22;NUM 16:23;NUM 16:25;NUM 16:28;NUM 16:31;NUM 16:36;NUM 16:40;NUM 16:41;NUM 16:42;NUM 16:43;NUM 16:44;NUM 16:45;NUM 16:46;NUM 16:47;NUM 16:50;NUM 17:1;NUM 17:6;NUM 17:7;NUM 17:8;NUM 17:9;NUM 17:10;NUM 17:11;NUM 17:12;NUM 18:25;NUM 19:1;NUM 20:2;NUM 20:3;NUM 20:6;NUM 20:7;NUM 20:9;NUM 20:10;NUM 20:11;NUM 20:12;NUM 20:14;NUM 20:23;NUM 20:27;NUM 20:28;NUM 21:5;NUM 21:7;NUM 21:8;NUM 21:9;NUM 21:32;NUM 21:34;NUM 25:4;NUM 25:5;NUM 25:6;NUM 25:10;NUM 25:16;NUM 26:1;NUM 26:3;NUM 26:4;NUM 26:9;NUM 26:52;NUM 26:59;NUM 26:63;NUM 26:64;NUM 27:2;NUM 27:5;NUM 27:11;NUM 27:12;NUM 27:15;NUM 27:18;NUM 27:22;NUM 27:23;NUM 28:1;NUM 29:40;NUM 30:1;NUM 30:16;NUM 31:1;NUM 31:3;NUM 31:6;NUM 31:7;NUM 31:12;NUM 31:13;NUM 31:14;NUM 31:21;NUM 31:25;NUM 31:31;NUM 31:41;NUM 31:42;NUM 31:47;NUM 31:48;NUM 31:51;NUM 31:54;NUM 32:2;NUM 32:6;NUM 32:16;NUM 32:20;NUM 32:25;NUM 32:28;NUM 32:29;NUM 32:33;NUM 32:40;NUM 33:1;NUM 33:2;NUM 33:50;NUM 34:1;NUM 34:13;NUM 34:16;NUM 35:1;NUM 35:9;NUM 36:1;NUM 36:5;NUM 36:10;NUM 36:13;DEU 1:1;DEU 1:3;DEU 1:5;DEU 4:41;DEU 4:44;DEU 4:45;DEU 4:46;DEU 5:1;DEU 27:1;DEU 27:9;DEU 27:11;DEU 29:1;DEU 29:2;DEU 31:1;DEU 31:7;DEU 31:9;DEU 31:10;DEU 31:14;DEU 31:16;DEU 31:22;DEU 31:24;DEU 31:30;DEU 32:44;DEU 32:45;DEU 32:48;DEU 33:1;DEU 33:4;DEU 34:1;DEU 34:5;DEU 34:7;DEU 34:8;DEU 34:9;DEU 34:10;DEU 34:11;DEU 34:12;JOS 1:1;JOS 1:2;JOS 1:3;JOS 1:5;JOS 1:7;JOS 1:13;JOS 1:14;JOS 1:15;JOS 1:17;JOS 3:7;JOS 4:10;JOS 4:12;JOS 4:14;JOS 8:31;JOS 8:32;JOS 8:33;JOS 8:35;JOS 9:24;JOS 11:12;JOS 11:15;JOS 11:20;JOS 11:23;JOS 12:6;JOS 13:8;JOS 13:12;JOS 13:14;JOS 13:15;JOS 13:21;JOS 13:24;JOS 13:29;JOS 13:32;JOS 13:33;JOS 14:2;JOS 14:3;JOS 14:5;JOS 14:6;JOS 14:7;JOS 14:9;JOS 14:10;JOS 14:11;JOS 17:4;JOS 18:7;JOS 20:2;JOS 21:2;JOS 21:8;JOS 22:2;JOS 22:4;JOS 22:5;JOS 22:7;JOS 22:9;JOS 23:6;JOS 24:5;JDG 1:16;JDG 1:20;JDG 4:11;JDG 18:30;1SA 12:6;1SA 12:8;1KI 2:3;1KI 8:9;1KI 8:56;2KI 14:6;2KI 18:4;2KI 18:6;2KI 18:12;2KI 21:8;2KI 23:25;1CH 6:3;1CH 6:49;1CH 15:15;1CH 22:13;1CH 23:13;1CH 23:14;1CH 23:15;1CH 26:24;2CH 1:3;2CH 5:10;2CH 8:13;2CH 23:18;2CH 24:6;2CH 24:9;2CH 25:4;2CH 30:16;2CH 33:8;2CH 34:14;2CH 35:6;2CH 35:12;EZR 3:2;EZR 7:6;NEH 1:7;NEH 1:8;NEH 8:1;NEH 8:14;NEH 9:14;NEH 10:29;NEH 13:1;PSA 77:20;PSA 90:52;PSA 99:6;PSA 103:7;PSA 105:26;PSA 106:16;PSA 106:23;PSA 106:32;PSA 106:33;ISA 63:11;ISA 63:12;JER 15:1;DAN 9:11;DAN 9:13;MIC 6:4;MAL 4:4;MAT 8:4;MAT 17:3;MAT 17:4;MAT 19:7;MAT 19:8;MAT 22:24;MAT 23:2;MRK 1:44;MRK 7:10;MRK 9:4;MRK 9:5;MRK 10:3;MRK 10:4;MRK 10:5;MRK 12:19;MRK 12:26;LUK 2:22;LUK 9:30;LUK 9:32;LUK 9:33;LUK 16:29;LUK 16:31;LUK 20:28;LUK 20:37;LUK 24:27;LUK 24:44;JHN 1:17;JHN 1:45;JHN 3:14;JHN 5:45;JHN 5:46;JHN 6:32;JHN 7:19;JHN 7:22;JHN 7:23;JHN 8:5;JHN 9:28;JHN 9:29;ACT 3:22;ACT 6:11;ACT 6:14;ACT 7:20;ACT 7:22;ACT 7:23;ACT 7:24;ACT 7:27;ACT 7:29;ACT 7:30;ACT 7:31;ACT 7:32;ACT 7:35;ACT 7:37;ACT 7:40;ACT 7:44;ACT 13:39;ACT 15:1;ACT 15:5;ACT 15:21;ACT 21:21;ACT 26:22;ACT 28:23;ROM 5:14;ROM 9:15;ROM 10:5;ROM 10:19;1CO 9:9;1CO 10:2;2CO 3:13;2CO 3:15;2TI 3:8;HEB 3:2;HEB 3:3;HEB 3:5;HEB 3:16;HEB 7:14;HEB 8:5;HEB 9:19;HEB 10:28;HEB 11:23;HEB 11:24;HEB 11:27;HEB 12:21;JUD 1:9;REV 15:3
Q1873244,EXO 2:5;EXO 2:7;EXO 2:8;EXO 2:9;EXO 2:10;ACT 7:21;HEB 11:24
Q62788,EXO 2:16;EXO 2:18;EXO 2:20;EXO 2:21;EXO 3:1;EXO 4:18;EXO 18:1;EXO 18:2;EXO 18:5;EXO 18:6;EXO 18:7;EXO 18:8;EXO 18:9;EXO 18:10;EXO 18:12;EXO 18:14;EXO 18:17;EXO 18:24;EXO 18:27;JDG 1:16
Q205523,EXO 2:21;EXO 4:20;EXO 4:25;EXO 18:2;EXO 18:5;EXO 18:6
Q1514983,EXO 2:22;EXO 4:20;EXO 18:3;EXO 18:5;EXO 18:6;JDG 18:30;1CH 23:15;1CH 23:16;1CH 26:24
Q141450111,EXO 3:10;EXO 3:11;EXO 3:18;EXO 3:19;EXO 4:21;EXO 4:22;EXO 5:1;EXO 5:2;EXO 5:4;EXO 5:5;EXO 5:6;EXO 5:10;EXO 5:14;EXO 5:15;EXO 5:17;EXO 5:20;EXO 5:21;EXO 5:23;EXO 6:1;EXO 6:11;EXO 6:12;EXO 6:13;EXO 6:27;EXO 6:29;EXO 6:30;EXO 7:1;EXO 7:2;EXO 7:3;EXO 7:4;EXO 7:7;EXO 7:9;EXO 7:10;EXO 7:11;EXO 7:13;EXO 7:14;EXO 7:15;EXO 7:20;EXO 7:22;EXO 7:23;EXO 8:1;EXO 8:8;EXO 8:9;EXO 8:10;EXO 8:12;EXO 8:15;EXO 8:19;EXO 8:20;EXO 8:24;EXO 8:25;EXO 8:28;EXO 8:29;EXO 8:30;EXO 8:31;EXO 8:32;EXO 9:1;EXO 9:7;EXO 9:8;EXO 9:10;EXO 9:12;EXO 9:13;EXO 9:20;EXO 9:27;EXO 9:33;EXO 9:34;EXO 9:35;EXO 10:1;EXO 10:3;EXO 10:6;EXO 10:7;EXO 10:8;EXO 10:10;EXO 10:11;EXO 10:16;EXO 10:18;EXO 10:20;EXO 10:24;EXO 10:27;EXO 10:28;EXO 11:1;EXO 11:3;EXO 11:5;EXO 11:8;EXO 11:9;EXO 11:10;EXO 12:29;EXO 12:30;EXO 12:31;EXO 13:15;EXO 13:17;EXO 14:3;EXO 14:4;EXO 14:5;EXO 14:6;EXO 14:8;EXO 14:9;EXO 14:10;EXO 14:17;EXO 14:18;EXO 14:23;EXO 14:28;EXO 15:4;EXO 15:19;EXO 18:4;EXO 18:8;EXO 18:10;DEU 6:21;DEU 6:22;DEU 7:8;DEU 7:18;DEU 11:3;DEU 29:2;DEU 34:11;1SA 6:6;2KI 17:7;NEH 9:10;PSA 135:9;PSA 136:15;ACT 7:18;ACT 7:21;ROM 9:17;HEB 11:24;HEB 11:27
Q51676,EXO 4:14;EXO 4:27;EXO 4:28;EXO 4:29;EXO 4:30;EXO 5:1;EXO 5:4;EXO 5:20;EXO 6:13;EXO 6:20;EXO 6:23;EXO 6:25;EXO 6:26;EXO 6:27;EXO 7:1;EXO 7:2;EXO 7:6;EXO 7:7;EXO 7:8;EXO 7:9;EXO 7:10;EXO 7:12;EXO 7:19;EXO 7:20;EXO 7:22;EXO 8:5;EXO 8:6;EXO 8:8;EXO 8:12;EXO 8:15;EXO 8:16;EXO 8:17;EXO 8:25;EXO 9:8;EXO 9:27;EXO 10:3;EXO 10:8;EXO 10:11;EXO 10:16;EXO 11:10;EXO 12:1;EXO 12:28;EXO 12:31;EXO 12:43;EXO 12:50;EXO 15:20;EXO 16:2;EXO 16:6;EXO 16:9;EXO 16:10;EXO 16:33;EXO 16:34;EXO 17:10;EXO 17:12;EXO 18:12;EXO 19:24;EXO 24:1;EXO 24:9;EXO 24:14;EXO 28:1;EXO 28:2;EXO 28:3;EXO 28:4;EXO 28:12;EXO 28:29;EXO 28:30;EXO 28:35;EXO 28:38;EXO 28:40;EXO 28:41;EXO 28:43;EXO 29:1;EXO 29:4;EXO 29:5;EXO 29:9;EXO 29:10;EXO 29:15;EXO 29:19;EXO 29:20;EXO 29:21;EXO 29:24;EXO 29:26;EXO 29:27;EXO 29:28;EXO 29:29;EXO 29:32;EXO 29:35;EXO 29:44;EXO 30:7;EXO 30:8;EXO 30:10;EXO 30:19;EXO 30:21;EXO 30:30;EXO 31:10;EXO 32:1;EXO 32:2;EXO 32:3;EXO 32:5;EXO 32:21;EXO 32:22;EXO 32:25;EXO 32:35;EXO 34:30;EXO 34:31;EXO 35:19;EXO 38:21;EXO 39:1;EXO 39:27;EXO 39:41;EXO 40:12;EXO 40:13;EXO 40:15;EXO 40:31;LEV 1:5;LEV 1:7;LEV 1:8;LEV 1:11;LEV 2:2;LEV 2:3;LEV 2:10;LEV 3:2;LEV 3:5;LEV 3:8;LEV 3:13;LEV 6:9;LEV 6:14;LEV 6:16;LEV 6:18;LEV 6:20;LEV 6:22;LEV 6:25;LEV 7:10;LEV 7:31;LEV 7:33;LEV 7:34;LEV 7:35;LEV 8:2;LEV 8:6;LEV 8:7;LEV 8:9;LEV 8:12;LEV 8:13;LEV 8:14;LEV 8:18;LEV 8:22;LEV 8:23;LEV 8:24;LEV 8:27;LEV 8:30;LEV 8:31;LEV 8:36;LEV 9:1;LEV 9:2;LEV 9:7;LEV 9:8;LEV 9:9;LEV 9:12;LEV 9:15;LEV 9:20;LEV 9:22;LEV 9:23;LEV 10:1;LEV 10:3;LEV 10:4;LEV 10:6;LEV 10:8;LEV 10:12;LEV 10:16;LEV 10:19;LEV 11:1;LEV 13:1;LEV 13:2;LEV 14:33;LEV 15:1;LEV 16:1;LEV 16:2;LEV 16:3;LEV 16:6;LEV 16:8;LEV 16:11;LEV 16:15;LEV 16:17;LEV 16:20;LEV 16:23;LEV 17:2;LEV 21:1;LEV 21:17;LEV 21:21;LEV 21:24;LEV 22:2;LEV 22:4;LEV 22:18;LEV 24:3;LEV 24:9;NUM 1:3;NUM 1:17;NUM 1:44;NUM 2:1;NUM 3:1;NUM 3:2;NUM 3:3;NUM 3:4;NUM 3:6;NUM 3:9;NUM 3:10;NUM 3:32;NUM 3:38;NUM 3:39;NUM 3:48;NUM 3:51;NUM 4:1;NUM 4:5;NUM 4:15;NUM 4:16;NUM 4:17;NUM 4:19;NUM 4:27;NUM 4:28;NUM 4:33;NUM 4:34;NUM 4:37;NUM 4:41;NUM 4:45;NUM 4:46;NUM 6:23;NUM 7:8;NUM 8:2;NUM 8:3;NUM 8:11;NUM 8:13;NUM 8:19;NUM 8:20;NUM 8:21;NUM 8:22;NUM 9:6;NUM 10:8;NUM 12:1;NUM 12:4;NUM 12:5;NUM 12:10;NUM 13:26;NUM 14:2;NUM 14:5;NUM 14:26;NUM 15:33;NUM 16:3;NUM 16:11;NUM 16:16;NUM 16:17;NUM 16:18;NUM 16:20;NUM 16:22;NUM 16:37;NUM 16:40;NUM 16:41;NUM 16:42;NUM 16:43;NUM 16:45;NUM 16:46;NUM 16:47;NUM 16:50;NUM 17:3;NUM 17:6;NUM 17:8;NUM 17:10;NUM 18:1;NUM 18:8;NUM 18:20;NUM 18:28;NUM 19:1;NUM 20:2;NUM 20:6;NUM 20:8;NUM 20:10;NUM 20:12;NUM 20:23;NUM 20:24;NUM 20:25;NUM 20:26;NUM 20:28;NUM 20:29;NUM 25:7;NUM 25:11;NUM 26:1;NUM 26:9;NUM 26:59;NUM 26:60;NUM 26:64;NUM 27:13;NUM 33:1;NUM 33:38;NUM 33:39;DEU 9:20;DEU 10:6;DEU 32:50;JOS 21:4;JOS 21:10;JOS 21:13;JOS 21:19;JOS 24:5;JOS 24:33;JDG 20:28;1SA 12:6;1SA 12:8;1CH 6:3;1CH 6:49;1CH 6:50;1CH 6:54;1CH 6:57;1CH 15:4;1CH 23:13;1CH 23:28;1CH 23:32;1CH 24:1;1CH 24:2;1CH 24:19;1CH 24:31;2CH 13:9;2CH 13:10;2CH 26:18;2CH 29:21;2CH 31:19;2CH 35:14;EZR 7:5;NEH 10:38;NEH 12:47;PSA 77:20;PSA 99:6;PSA 105:26;PSA 106:16;PSA 115:10;PSA 115:12;PSA 118:3;PSA 133:2;PSA 135:19;MIC 6:4;LUK 1:5;ACT 7:40;HEB 5:4;HEB 7:11;HEB 9:4
Q1195680,EXO 4:20;EXO 18:3;EXO 18:4;EXO 18:5;EXO 18:6;1CH 23:15;1CH 23:17;1CH 26:25
Q85853840,EXO 6:17;NUM 3:18;1CH 6:17;1CH 6:20
Q3482128,EXO 6:17;NUM 3:18;1CH 6:17;1CH 23:7;1CH 23:9
Q2210407,EXO 6:18;EXO 6:21;NUM 3:19;NUM 16:1;1CH 6:2;1CH 6:18;1CH 6:38;1CH 23:12;1CH 23:18
Q1800542,EXO 6:18;NUM 3:19;1CH 6:2;1CH 6:18;1CH 23:12;1CH 23:19
Q4207606,EXO 6:18;EXO 6:22;LEV 10:4;NUM 3:19;NUM 3:30;1CH 6:2;1CH 6:18;1CH 23:12;1CH 23:20;1CH 24:23;1CH 24:24
Q85854044,EXO 6:19;NUM 3:20;1CH 6:19;1CH 6:29;1CH 23:21;1CH 24:26;1CH 24:28;EZR 8:18
Q85854187,EXO 6:19;NUM 3:20;1CH 6:19;1CH 6:47;1CH 23:21;1CH 23:23;1CH 24:26;1CH 24:30
Q1337316,EXO 6:21;EXO 6:24;NUM 16:1;NUM 16:5;NUM 16:6;NUM 16:8;NUM 16:16;NUM 16:19;NUM 16:24;NUM 16:27;NUM 16:32;NUM 16:40;NUM 16:49;NUM 26:9;NUM 26:10;NUM 26:11;NUM 27:3;1CH 6:37;1CH 9:19;PSA 42:13;PSA 44:5;PSA 45:26;PSA 46:17;PSA 47:11;PSA 48:9;PSA 49:14;PSA 84:18;PSA 85:12;PSA 87:17;PSA 88:7;JUD 1:11
Q125566789,EXO 6:21
Q125749992,EXO 6:21
Q110158985,EXO 6:22;LEV 10:4
Q6533529,EXO 6:22;LEV 10:4
Q125747962,EXO 6:22
Q2916801,EXO 6:23
Q2038223,EXO 6:23;NUM 1:7;NUM 2:3;NUM 7:12;NUM 7:17;NUM 10:14;RUT 4:19;RUT 4:20;1CH 2:10;MAT 1:4;LUK 3:33
Q1784980,EXO 6:23;NUM 1:7;NUM 2:3;NUM 7:12;NUM 7:17;NUM 10:14;RUT 4:20;1CH 2:10;1CH 2:11;MAT 1:4;LUK 3:32
Q1941782,EXO 6:23;EXO 24:1;EXO 24:9;EXO 28:1;EXO 28:40;EXO 28:41;EXO 28:43;EXO 29:1;EXO 29:4;EXO 29:8;EXO 29:9;EXO 29:10;EXO 29:15;EXO 29:19;EXO 29:20;EXO 29:21;EXO 29:24;EXO 29:27;EXO 29:28;EXO 29:29;EXO 29:32;EXO 29:35;EXO 29:44;EXO 30:19;EXO 39:41;EXO 40:12;EXO 40:14;LEV 1:5;LEV 1:8;LEV 1:11;LEV 2:2;LEV 2:3;LEV 2:10;LEV 3:2;LEV 3:5;LEV 3:8;LEV 3:13;LEV 6:9;LEV 6:14;LEV 6:16;LEV 6:20;LEV 6:22;LEV 6:25;LEV 7:31;LEV 7:35;LEV 8:2;LEV 8:6;LEV 8:13;LEV 8:14;LEV 8:18;LEV 8:22;LEV 8:24;LEV 8:27;LEV 8:30;LEV 8:31;LEV 8:36;LEV 9:1;LEV 9:12;LEV 9:18;LEV 10:1;LEV 10:4;LEV 16:1;NUM 3:2;NUM 3:4;NUM 26:60;NUM 26:61;1CH 6:3;1CH 24:1;1CH 24:2
Q321166,EXO 6:23;EXO 24:1;EXO 24:9;EXO 28:1;EXO 28:40;EXO 28:41;EXO 28:43;EXO 29:1;EXO 29:4;EXO 29:8;EXO 29:9;EXO 29:10;EXO 29:15;EXO 29:19;EXO 29:20;EXO 29:21;EXO 29:24;EXO 29:27;EXO 29:28;EXO 29:29;EXO 29:32;EXO 29:35;EXO 29:44;EXO 30:19;EXO 39:41;EXO 40:12;EXO 40:14;LEV 1:5;LEV 1:8;LEV 1:11;LEV 2:2;LEV 2:3;LEV 2:10;LEV 3:2;LEV 3:5;LEV 3:8;LEV 3:13;LEV 6:9;LEV 6:14;LEV 6:16;LEV 6:20;LEV 6:22;LEV 6:25;LEV 7:31;LEV 7:35;LEV 8:2;LEV 8:6;LEV 8:13;LEV 8:14;LEV 8:18;LEV 8:22;LEV 8:24;LEV 8:27;LEV 8:30;LEV 8:31;LEV 8:36;LEV 9:1;LEV 9:12;LEV 9:18;LEV 10:1;LEV 10:4;LEV 16:1;NUM 3:2;NUM 3:4;NUM 26:60;NUM 26:61;1CH 6:3;1CH 24:1;1CH 24:2
Q159443,EXO 6:23;EXO 6:25;EXO 28:1;EXO 28:40;EXO 28:41;EXO 28:43;EXO 29:1;EXO 29:4;EXO 29:8;EXO 29:9;EXO 29:10;EXO 29:15;EXO 29:19;EXO 29:20;EXO 29:21;EXO 29:24;EXO 29:27;EXO 29:28;EXO 29:29;EXO 29:32;EXO 29:35;EXO 29:44;EXO 30:19;EXO 39:41;EXO 40:12;EXO 40:14;LEV 1:5;LEV 1:8;LEV 1:11;LEV 2:2;LEV 2:3;LEV 2:10;LEV 3:2;LEV 3:5;LEV 3:8;LEV 3:13;LEV 6:9;LEV 6:14;LEV 6:16;LEV 6:20;LEV 6:22;LEV 6:25;LEV 7:31;LEV 7:35;LEV 8:2;LEV 8:6;LEV 8:13;LEV 8:14;LEV 8:18;LEV 8:22;LEV 8:24;LEV 8:27;LEV 8:30;LEV 8:31;LEV 8:36;LEV 9:1;LEV 9:12;LEV 9:18;LEV 10:6;LEV 10:12;LEV 10:16;LEV 16:1;LEV 21:1;LEV 21:24;LEV 22:2;LEV 22:18;LEV 24:9;NUM 3:2;NUM 3:4;NUM 3:9;NUM 3:10;NUM 3:32;NUM 3:38;NUM 3:48;NUM 3:51;NUM 4:5;NUM 4:15;NUM 4:16;NUM 4:19;NUM 4:27;NUM 6:23;NUM 8:13;NUM 8:19;NUM 8:22;NUM 16:37;NUM 16:39;NUM 19:3;NUM 19:4;NUM 20:25;NUM 20:26;NUM 20:28;NUM 25:7;NUM 25:11;NUM 26:1;NUM 26:3;NUM 26:60;NUM 26:63;NUM 27:2;NUM 27:19;NUM 27:21;NUM 27:22;NUM 31:6;NUM 31:12;NUM 31:13;NUM 31:21;NUM 31:26;NUM 31:29;NUM 31:31;NUM 31:41;NUM 31:51;NUM 31:54;NUM 32:2;NUM 32:28;NUM 34:17;DEU 10:6;JOS 14:1;JOS 17:4;JOS 19:51;JOS 21:1;JOS 22:13;JOS 22:31;JOS 22:32;JOS 24:33;JDG 20:28;1CH 6:3;1CH 6:4;1CH 6:50;1CH 9:20;1CH 24:1;1CH 24:2;1CH 24:3;1CH 24:4;1CH 24:5;1CH 24:6;EZR 7:5
Q1675214,EXO 6:23;EXO 28:1;EXO 28:40;EXO 28:41;EXO 28:43;EXO 29:1;EXO 29:4;EXO 29:8;EXO 29:9;EXO 29:10;EXO 29:15;EXO 29:19;EXO 29:20;EXO 29:21;EXO 29:24;EXO 29:27;EXO 29:28;EXO 29:29;EXO 29:32;EXO 29:35;EXO 29:44;EXO 30:19;EXO 39:41;EXO 40:12;EXO 40:14;LEV 1:5;LEV 1:8;LEV 1:11;LEV 2:2;LEV 2:3;LEV 2:10;LEV 3:2;LEV 3:5;LEV 3:8;LEV 3:13;LEV 6:9;LEV 6:14;LEV 6:16;LEV 6:20;LEV 6:22;LEV 6:25;LEV 7:31;LEV 7:35;LEV 8:2;LEV 8:6;LEV 8:13;LEV 8:14;LEV 8:18;LEV 8:22;LEV 8:24;LEV 8:27;LEV 8:30;LEV 8:31;LEV 8:36;LEV 9:1;LEV 9:12;LEV 9:18;LEV 10:6;LEV 10:12;LEV 10:16;LEV 16:1;LEV 21:1;LEV 21:24;LEV 22:2;LEV 22:18;LEV 24:9;NUM 3:2;NUM 3:4;NUM 3:9;NUM 3:10;NUM 3:38;NUM 3:48;NUM 3:51;NUM 4:5;NUM 4:15;NUM 4:19;NUM 4:27;NUM 4:28;NUM 4:33;NUM 6:23;NUM 7:8;NUM 8:13;NUM 8:19;NUM 8:22;NUM 26:60;1CH 6:3;1CH 24:1;1CH 24:2;1CH 24:3;1CH 24:4;1CH 24:5;1CH 24:6
Q125499036,EXO 6:24
Q125504223,EXO 6:24
Q11684128,EXO 6:24;1CH 6:37
Q123118736,EXO 6:25
Q117865594,EXO 6:25
Q128063,EXO 6:25;NUM 25:7;NUM 25:11;NUM 31:6;JOS 22:13;JOS 22:30;JOS 22:31;JOS 22:32;JOS 24:33;JDG 20:28;1CH 6:4;1CH 6:50;1CH 9:20;EZR 7:5;PSA 106:30
Q1938388,EXO 15:20;EXO 15:21;NUM 12:1;NUM 12:4;NUM 12:5;NUM 12:10;NUM 12:15;NUM 20:1;NUM 26:59;1CH 6:3;MIC 6:4
Q7734,EXO 17:9;EXO 17:10;EXO 17:13;EXO 17:14;EXO 24:13;EXO 32:17;EXO 33:11;NUM 11:28;NUM 13:8;NUM 13:16;NUM 14:6;NUM 14:10;NUM 14:30;NUM 14:38;NUM 26:65;NUM 27:18;NUM 27:22;NUM 32:12;NUM 32:28;NUM 34:17;DEU 1:23;DEU 1:38;DEU 3:21;DEU 3:28;DEU 31:3;DEU 31:7;DEU 31:14;DEU 31:23;DEU 32:44;DEU 34:9;JOS 1:1;JOS 1:10;JOS 1:12;JOS 1:16;JOS 2:1;JOS 2:23;JOS 2:24;JOS 3:1;JOS 3:5;JOS 3:7;JOS 3:9;JOS 4:1;JOS 4:4;JOS 4:8;JOS 4:9;JOS 4:10;JOS 4:14;JOS 4:15;JOS 4:17;JOS 4:20;JOS 4:21;JOS 5:2;JOS 5:3;JOS 5:4;JOS 5:7;JOS 5:9;JOS 5:13;JOS 5:14;JOS 5:15;JOS 6:2;JOS 6:6;JOS 6:8;JOS 6:10;JOS 6:12;JOS 6:16;JOS 6:22;JOS 6:25;JOS 6:26;JOS 6:27;JOS 7:2;JOS 7:3;JOS 7:6;JOS 7:7;JOS 7:10;JOS 7:16;JOS 7:19;JOS 7:22;JOS 7:23;JOS 7:24;JOS 7:25;JOS 8:1;JOS 8:3;JOS 8:9;JOS 8:10;JOS 8:12;JOS 8:13;JOS 8:15;JOS 8:16;JOS 8:18;JOS 8:21;JOS 8:23;JOS 8:26;JOS 8:27;JOS 8:28;JOS 8:29;JOS 8:30;JOS 8:32;JOS 8:34;JOS 8:35;JOS 9:2;JOS 9:3;JOS 9:6;JOS 9:8;JOS 9:15;JOS 9:22;JOS 9:26;JOS 10:1;JOS 10:4;JOS 10:6;JOS 10:7;JOS 10:8;JOS 10:9;JOS 10:12;JOS 10:15;JOS 10:17;JOS 10:18;JOS 10:20;JOS 10:21;JOS 10:22;JOS 10:24;JOS 10:25;JOS 10:26;JOS 10:27;JOS 10:28;JOS 10:29;JOS 10:30;JOS 10:31;JOS 10:32;JOS 10:33;JOS 10:34;JOS 10:35;JOS 10:36;JOS 10:37;JOS 10:38;JOS 10:39;JOS 10:40;JOS 10:41;JOS 10:42;JOS 10:43;JOS 11:6;JOS 11:7;JOS 11:9;JOS 11:10;JOS 11:11;JOS 11:12;JOS 11:13;JOS 11:15;JOS 11:16;JOS 11:18;JOS 11:21;JOS 11:23;JOS 12:7;JOS 13:1;JOS 14:1;JOS 14:6;JOS 14:13;JOS 15:13;JOS 17:4;JOS 17:14;JOS 17:15;JOS 17:17;JOS 18:3;JOS 18:8;JOS 18:9;JOS 18:10;JOS 19:49;JOS 19:51;JOS 20:1;JOS 21:1;JOS 22:1;JOS 22:6;JOS 22:7;JOS 23:1;JOS 24:1;JOS 24:2;JOS 24:19;JOS 24:22;JOS 24:24;JOS 24:25;JOS 24:26;JOS 24:27;JOS 24:28;JOS 24:29;JOS 24:31;JDG 1:1;JDG 2:6;JDG 2:7;JDG 2:8;JDG 2:21;JDG 2:23;1KI 16:34;1CH 7:27;NEH 8:17;ACT 7:45;HEB 4:8
Q492665,EXO 17:10;EXO 17:12;EXO 31:2;EXO 35:30;EXO 38:22;1CH 2:19;1CH 2:20;2CH 1:5
Q853439,EXO 31:2;EXO 35:30;EXO 36:1;EXO 36:2;EXO 37:1;EXO 38:1;EXO 38:22;EXO 39:2;1CH 2:20;2CH 1:5
Q66919839,EXO 31:2;EXO 35:30;EXO 38:22;1CH 2:20;2CH 1:5
Q2112850,EXO 31:6;EXO 35:34;EXO 36:1;EXO 36:2;EXO 38:23
Q125480519,EXO 31:6;EXO 35:34;EXO 38:23
Q3344859,EXO 33:11;NUM 11:28;NUM 13:8;NUM 13:16;NUM 14:6;NUM 14:30;NUM 14:38;NUM 26:65;NUM 27:18;NUM 32:12;NUM 32:28;NUM 34:17;DEU 1:38;DEU 31:23;DEU 32:44;DEU 34:9;JOS 1:1;JOS 2:1;JOS 2:23;JOS 6:6;JOS 14:1;JOS 17:4;JOS 19:49;JOS 19:51;JOS 21:1;JOS 24:29;JDG 2:8;1KI 16:34;1CH 7:27;NEH 8:17
Q18191416,LEV 24:11
Q18192218,LEV 24:11
Q123119524,LEV 24:11
Q18198564,NUM 1:5;NUM 2:10;NUM 7:30;NUM 7:35;NUM 10:18
Q18198582,NUM 1:5;NUM 2:10;NUM 7:30;NUM 7:35;NUM 10:18
Q20605895,NUM 1:6;NUM 2:12;NUM 7:36;NUM 7:41;NUM 10:19
Q123121015,NUM 1:6;NUM 2:12;NUM 7:36;NUM 7:41;NUM 10:19
Q126163976,NUM 1:8;NUM 2:5;NUM 7:18;NUM 7:23;NUM 10:15
Q126178161,NUM 1:8;NUM 2:5;NUM 7:18;NUM 7:23;NUM 10:15
Q125504565,NUM 1:9;NUM 2:7;NUM 7:24;NUM 7:29;NUM 10:16
Q124311576,NUM 1:9;NUM 2:7;NUM 7:24;NUM 7:29;NUM 10:16
Q10271944,NUM 1:10;NUM 2:18;NUM 7:48;NUM 7:53;NUM 10:22;1CH 7:26
Q85852675,NUM 1:10;NUM 2:18;NUM 7:48;NUM 7:53;NUM 10:22;1CH 7:26
Q138685425,NUM 1:10;NUM 2:20;NUM 7:54;NUM 7:59;NUM 10:23
Q126083612,NUM 1:10;NUM 2:20;NUM 7:54;NUM 7:59;NUM 10:23
Q3494535,NUM 1:11;NUM 2:22;NUM 7:60;NUM 7:65;NUM 10:24
Q125912323,NUM 1:11;NUM 2:22;NUM 7:60;NUM 7:65;NUM 10:24
Q4695102,NUM 1:12;NUM 2:25;NUM 7:66;NUM 7:71;NUM 10:25
Q4747248,NUM 1:12;NUM 2:25;NUM 7:66;NUM 7:71;NUM 10:25
Q20605581,NUM 1:13;NUM 2:27;NUM 7:72;NUM 7:77;NUM 10:26
Q125480927,NUM 1:13;NUM 2:27;NUM 7:72;NUM 7:77;NUM 10:26
Q14925563,NUM 1:14;NUM 2:14;NUM 7:42;NUM 7:47;NUM 10:20
Q126065560,NUM 1:14;NUM 2:14;NUM 7:42;NUM 7:47;NUM 10:20
Q4695133,NUM 1:15;NUM 2:29;NUM 7:78;NUM 7:83;NUM 10:27
Q124256037,NUM 1:15;NUM 2:29;NUM 7:78;NUM 7:83;NUM 10:27
Q141453503,NUM 3:24
Q126130203,NUM 3:24
Q125747497,NUM 3:35
Q138609372,NUM 3:35
Q14925385,NUM 10:29;NUM 10:30
Q56473842,NUM 11:26;NUM 11:27
Q56473843,NUM 11:26;NUM 11:27
Q2650721,NUM 13:4;NUM 14:36;NUM 14:37;DEU 1:23
Q126193237,NUM 13:4
Q126178411,NUM 13:5;NUM 14:36;NUM 14:37;DEU 1:23
Q125568154,NUM 13:5
Q922184,NUM 13:6;NUM 13:30;NUM 14:6;NUM 14:10;NUM 14:24;NUM 14:30;NUM 14:38;NUM 26:65;NUM 32:12;NUM 34:19;DEU 1:23;DEU 1:36;JOS 14:6;JOS 14:13;JOS 14:14;JOS 15:13;JOS 15:14;JOS 15:16;JOS 15:17;JOS 15:18;JOS 15:19;JOS 21:12;JDG 1:12;JDG 1:13;JDG 1:14;JDG 1:15;JDG 1:20;JDG 3:9;1CH 4:15;1CH 6:56
Q11927454,NUM 13:6;NUM 14:6;NUM 14:30;NUM 14:38;NUM 26:65;NUM 32:12;NUM 34:19;DEU 1:36;JOS 14:6;JOS 14:13;JOS 14:14;JOS 15:13;JOS 21:12;1CH 4:15;1CH 6:56
Q126087472,NUM 13:7;NUM 14:36;NUM 14:37;DEU 1:23
Q6288230,NUM 13:7
Q126083819,NUM 13:9;NUM 14:36;NUM 14:37;DEU 1:23
Q126166031,NUM 13:9
Q125510439,NUM 13:10;NUM 14:36;NUM 14:37;DEU 1:23
Q126178591,NUM 13:10
Q125510705,NUM 13:11;NUM 14:36;NUM 14:37;DEU 1:23
Q126178639,NUM 13:11
Q125912635,NUM 13:12;NUM 14:36;NUM 14:37;DEU 1:23
Q125510727,NUM 13:12
Q126178728,NUM 13:13;DEU 1:23
Q126010368,NUM 13:13;NUM 14:36;NUM 14:37
Q1703736,NUM 13:14;NUM 14:36;NUM 14:37;DEU 1:23
Q2381688,NUM 13:14
Q104412955,NUM 13:15;NUM 14:36;NUM 14:37;DEU 1:23
Q126131611,NUM 13:15
Q120727077,NUM 13:22;JOS 15:14;JDG 1:10;JDG 1:20
Q16882450,NUM 13:22;JOS 15:14;JDG 1:10;JDG 1:20
Q120727174,NUM 13:22;JOS 15:14;JDG 1:10;JDG 1:20
Q1812268,NUM 13:22;NUM 13:28;NUM 13:33;DEU 9:2;JOS 15:14;JOS 21:11
Q2238834,NUM 16:1;NUM 16:12;NUM 16:24;NUM 16:25;NUM 16:27;NUM 26:9;DEU 11:6;PSA 106:17
Q9560907,NUM 16:1;NUM 16:12;NUM 16:24;NUM 16:25;NUM 16:27;NUM 26:9;DEU 11:6;PSA 106:17
Q65128117,NUM 16:1;NUM 16:12;NUM 26:8;NUM 26:9;DEU 11:6
Q18227832,NUM 16:1
Q126084760,NUM 16:1
Q887987,NUM 21:21;NUM 21:23;NUM 21:26;NUM 21:27;NUM 21:28;NUM 21:29;NUM 21:34;NUM 32:33;DEU 1:4;DEU 2:24;DEU 2:26;DEU 2:30;DEU 2:31;DEU 2:32;DEU 3:2;DEU 3:6;DEU 4:46;DEU 4:47;DEU 29:7;DEU 31:4;JOS 2:10;JOS 9:10;JOS 12:2;JOS 12:5;JOS 13:10;JOS 13:21;JOS 13:27;JOS 24:12;JDG 11:19;JDG 11:20;JDG 11:21;JDG 11:28;1KI 4:19;NEH 9:22;PSA 135:11;PSA 136:19
Q878675,NUM 21:33;NUM 21:35;NUM 32:33;DEU 1:4;DEU 3:1;DEU 3:3;DEU 3:4;DEU 3:10;DEU 3:11;DEU 3:13;DEU 4:47;DEU 29:7;DEU 31:4;JOS 2:10;JOS 9:10;JOS 12:4;JOS 13:12;JOS 13:30;JOS 13:31;JOS 24:12;1KI 4:19;NEH 9:22;PSA 135:11;PSA 136:20
Q1411953,NUM 22:2;NUM 22:4;NUM 22:5;NUM 22:7;NUM 22:10;NUM 22:13;NUM 22:14;NUM 22:15;NUM 22:16;NUM 22:18;NUM 22:35;NUM 22:36;NUM 22:39;NUM 22:40;NUM 22:41;NUM 23:1;NUM 23:2;NUM 23:3;NUM 23:5;NUM 23:6;NUM 23:7;NUM 23:11;NUM 23:13;NUM 23:14;NUM 23:15;NUM 23:16;NUM 23:17;NUM 23:18;NUM 23:25;NUM 23:27;NUM 23:28;NUM 23:30;NUM 24:10;NUM 24:12;NUM 24:13;NUM 24:25;JOS 24:9;JDG 11:25;MIC 6:5;REV 2:14
Q126179308,NUM 22:2;NUM 22:4;NUM 22:10;NUM 22:16;NUM 23:18;JOS 24:9;JDG 11:25
Q574641,NUM 22:5;NUM 22:7;NUM 22:8;NUM 22:9;NUM 22:10;NUM 22:12;NUM 22:13;NUM 22:14;NUM 22:16;NUM 22:18;NUM 22:20;NUM 22:21;NUM 22:22;NUM 22:23;NUM 22:25;NUM 22:27;NUM 22:28;NUM 22:29;NUM 22:30;NUM 22:31;NUM 22:34;NUM 22:35;NUM 22:36;NUM 22:37;NUM 22:38;NUM 22:39;NUM 22:40;NUM 22:41;NUM 23:1;NUM 23:2;NUM 23:3;NUM 23:4;NUM 23:5;NUM 23:7;NUM 23:11;NUM 23:12;NUM 23:15;NUM 23:16;NUM 23:18;NUM 23:25;NUM 23:26;NUM 23:28;NUM 23:29;NUM 23:30;NUM 24:1;NUM 24:2;NUM 24:3;NUM 24:10;NUM 24:12;NUM 24:15;NUM 24:20;NUM 24:23;NUM 24:25;NUM 31:8;NUM 31:16;DEU 23:4;DEU 23:5;JOS 13:22;JOS 24:9;JOS 24:10;NEH 13:2;MIC 6:5;JUD 1:11;REV 2:14
Q124759404,NUM 22:5;NUM 24:3;NUM 24:15;NUM 31:8;DEU 23:4;JOS 13:22;JOS 24:9;MIC 6:5
Q203956,NUM 25:6;NUM 25:8;NUM 25:14
Q1352758,NUM 25:6;NUM 25:8;NUM 25:14;NUM 25:15;NUM 25:18
Q125747738,NUM 25:14
Q138714622,NUM 25:15;NUM 31:8;JOS 13:21
Q106808575,NUM 26:9;NUM 26:12
Q85853273,NUM 26:29;NUM 26:30;NUM 27:1;NUM 36:1;JOS 17:3;1CH 2:21;1CH 2:23;1CH 7:14;1CH 7:17
Q138609112,NUM 26:30
Q85853471,NUM 26:30;JOS 17:2
Q28221953,NUM 26:31;JOS 17:2
Q85854727,NUM 26:31;JOS 17:2
Q85854716,NUM 26:32;JOS 17:2
Q85853477,NUM 26:32;NUM 26:33;NUM 27:1;JOS 17:2;JOS 17:3
Q2659583,NUM 26:33;NUM 27:1;NUM 27:3;NUM 27:4;NUM 27:7;NUM 36:2;NUM 36:6;NUM 36:10;NUM 36:11;JOS 17:3
Q4285720,NUM 26:33;NUM 27:1;NUM 36:11;JOS 17:3
Q27587326,NUM 26:33;NUM 27:1;NUM 36:11;JOS 17:3
Q4498664,NUM 26:33;NUM 27:1;NUM 36:11;JOS 17:3
Q4293448,NUM 26:33;NUM 27:1;NUM 36:11;JOS 17:3
Q27587242,NUM 26:33;NUM 27:1;NUM 36:11;JOS 17:3
Q85854722,NUM 26:35;NUM 26:36;1CH 7:20
Q85852878,NUM 26:35
Q85854843,NUM 26:35
Q85853185,NUM 26:36
Q47008639,NUM 26:40
Q22017204,NUM 26:40;1CH 8:4
Q25803431,NUM 31:8;JOS 13:21
Q126167657,NUM 31:8;JOS 13:21
Q125749914,NUM 31:8;JOS 13:21
Q126168038,NUM 31:8;JOS 13:21
Q110159933,NUM 32:41;DEU 3:14;JOS 13:30;1KI 4:13
Q126164463,NUM 32:42
Q126192673,NUM 34:20
Q138721693,NUM 34:20
Q126083517,NUM 34:21
Q126058920,NUM 34:21
Q126036170,NUM 34:22
Q126087592,NUM 34:22
Q11689904,NUM 34:23
Q126082759,NUM 34:23
Q124763187,NUM 34:24
Q126192599,NUM 34:24
Q138698783,NUM 34:25
Q126086906,NUM 34:25
Q138698787,NUM 34:26
Q126030419,NUM 34:26
Q126030524,NUM 34:27
Q126192834,NUM 34:27
Q141453645,NUM 34:28
Q138721699,NUM 34:28
Q1135632,JOS 2:1;JOS 2:3;JOS 2:4;JOS 2:6;JOS 2:8;JOS 2:15;JOS 6:17;JOS 6:22;JOS 6:23;JOS 6:25;MAT 1:5;HEB 11:31;JAS 2:25
Q141476733,JOS 2:2;JOS 2:3;JOS 2:7;JOS 8:2;JOS 10:1;JOS 10:28;JOS 10:30;JOS 12:9
Q1889647,JOS 7:1;JOS 7:18;JOS 7:19;JOS 7:20;JOS 7:24;JOS 7:26;JOS 22:20;1CH 2:7
Q114672619,JOS 7:1;JOS 7:18;1CH 2:7;1CH 4:1
Q114671090,JOS 7:1;JOS 7:17;JOS 7:18;1CH 2:6
Q141476747,JOS 8:1;JOS 8:2;JOS 8:14;JOS 8:23;JOS 8:29;JOS 10:1;JOS 12:9
Q2468894,JOS 10:1;JOS 10:2;JOS 10:3;JOS 10:5;JOS 10:16;JOS 10:17;JOS 10:22;JOS 10:23;JOS 10:24;JOS 10:26;JOS 12:10
Q128693797,JOS 10:3;JOS 10:5;JOS 10:16;JOS 10:17;JOS 10:22;JOS 10:23;JOS 10:24;JOS 10:26;JOS 12:10
Q25497351,JOS 10:3;JOS 10:5;JOS 10:16;JOS 10:17;JOS 10:22;JOS 10:23;JOS 10:24;JOS 10:26;JOS 12:11
Q128309307,JOS 10:3;JOS 10:5;JOS 10:16;JOS 10:17;JOS 10:22;JOS 10:23;JOS 10:24;JOS 10:26;JOS 12:11
Q25497407,JOS 10:3;JOS 10:5;JOS 10:16;JOS 10:17;JOS 10:22;JOS 10:23;JOS 10:24;JOS 10:26;JOS 12:12
Q141476889,JOS 10:28;JOS 12:16
Q128693903,JOS 10:33
Q128565883,JOS 11:1;JOS 11:10;JOS 12:19
Q3291564,JOS 14:15;JOS 15:13;JOS 21:11
Q131840205,JOS 15:6;JOS 18:17
Q2829011,JOS 15:16;JOS 15:17;JOS 15:18;JDG 1:12;JDG 1:13;JDG 1:14;1CH 2:49
Q536485,JOS 15:17;JOS 15:18;JDG 1:13;JDG 1:14;JDG 3:9;JDG 3:10;JDG 3:11;1CH 4:13
Q137755683,JOS 15:17;JDG 1:13;JDG 3:9;JDG 3:11;1CH 4:13
Q20501924,JOS 17:2
Q2229049,JDG 1:5;JDG 1:6;JDG 1:7
Q5118345,JDG 3:8;JDG 3:10
Q2662239,JDG 3:12;JDG 3:13;JDG 3:14;JDG 3:15;JDG 3:17;JDG 3:21;JDG 3:22;JDG 3:24
Q1300996,JDG 3:15;JDG 3:16;JDG 3:18;JDG 3:20;JDG 3:21;JDG 3:22;JDG 3:23;JDG 3:24;JDG 3:26;JDG 3:31;JDG 4:1
Q125152962,JDG 3:15
Q1516550,JDG 3:31;JDG 5:6
Q128792244,JDG 3:31;JDG 5:6
Q128566631,JDG 4:2;JDG 4:3;JDG 4:7;JDG 4:17;JDG 4:23;JDG 4:24
Q976765,JDG 4:2;JDG 4:7;JDG 4:9;JDG 4:12;JDG 4:14;JDG 4:15;JDG 4:16;JDG 4:17;JDG 4:18;JDG 4:19;JDG 4:21;JDG 4:22;JDG 5:20;JDG 5:26;JDG 5:28;JDG 5:30;1SA 12:9
Q213633,JDG 4:4;JDG 4:5;JDG 4:9;JDG 4:10;JDG 4:14;JDG 5:1;JDG 5:7;JDG 5:12;JDG 5:15
Q6488184,JDG 4:4
Q807236,JDG 4:6;JDG 4:8;JDG 4:9;JDG 4:12;JDG 4:14;JDG 4:16;JDG 4:22;JDG 5:1;JDG 5:12;JDG 5:15;1SA 12:11;HEB 11:32
Q4667882,JDG 4:6;JDG 4:12;JDG 5:1;JDG 5:12
Q13365793,JDG 4:11;JDG 4:17;JDG 4:21;JDG 5:24
Q954820,JDG 4:17;JDG 4:18;JDG 4:21;JDG 4:22;JDG 5:6;JDG 5:24
Q7530790,JDG 5:28
Q14925384,JDG 6:11;JDG 6:29;JDG 6:30;JDG 6:31;JDG 7:14;JDG 8:13;JDG 8:29;JDG 8:32
Q176125,JDG 6:11;JDG 6:12;JDG 6:13;JDG 6:15;JDG 6:17;JDG 6:19;JDG 6:20;JDG 6:22;JDG 6:24;JDG 6:25;JDG 6:27;JDG 6:29;JDG 6:32;JDG 6:34;JDG 6:35;JDG 6:36;JDG 6:38;JDG 6:39;JDG 7:1;JDG 7:2;JDG 7:4;JDG 7:5;JDG 7:7;JDG 7:8;JDG 7:9;JDG 7:13;JDG 7:14;JDG 7:15;JDG 7:17;JDG 7:18;JDG 7:19;JDG 7:20;JDG 7:24;JDG 7:25;JDG 8:1;JDG 8:2;JDG 8:4;JDG 8:5;JDG 8:7;JDG 8:9;JDG 8:11;JDG 8:12;JDG 8:13;JDG 8:15;JDG 8:18;JDG 8:19;JDG 8:21;JDG 8:22;JDG 8:23;JDG 8:27;JDG 8:28;JDG 8:29;JDG 8:30;JDG 8:32;JDG 8:33;JDG 8:35;JDG 9:1;JDG 9:2;JDG 9:5;JDG 9:16;JDG 9:17;JDG 9:18;JDG 9:19;JDG 9:24;JDG 9:28;JDG 9:57;1SA 12:11;HEB 11:32
Q128909611,JDG 7:10;JDG 7:11
Q107437473,JDG 7:25;JDG 8:3;PSA 83:11;ISA 10:26
Q5942568,JDG 7:25;JDG 8:3;PSA 83:11
Q107437432,JDG 8:5;JDG 8:6;JDG 8:7;JDG 8:10;JDG 8:12;JDG 8:15;JDG 8:18;JDG 8:21;PSA 83:11
Q107437434,JDG 8:5;JDG 8:6;JDG 8:7;JDG 8:10;JDG 8:12;JDG 8:15;JDG 8:18;JDG 8:21;PSA 83:11
Q113376196,JDG 8:20
Q480279,JDG 8:31;JDG 9:1;JDG 9:3;JDG 9:4;JDG 9:6;JDG 9:16;JDG 9:18;JDG 9:19;JDG 9:20;JDG 9:21;JDG 9:22;JDG 9:23;JDG 9:24;JDG 9:25;JDG 9:27;JDG 9:28;JDG 9:29;JDG 9:31;JDG 9:34;JDG 9:35;JDG 9:38;JDG 9:39;JDG 9:40;JDG 9:41;JDG 9:42;JDG 9:44;JDG 9:45;JDG 9:47;JDG 9:48;JDG 9:49;JDG 9:50;JDG 9:52;JDG 9:53;JDG 9:54;JDG 9:55;JDG 9:56;JDG 10:1
Q6294444,JDG 9:5;JDG 9:7;JDG 9:21;JDG 9:57
Q10287821,JDG 9:26;JDG 9:28;JDG 9:30;JDG 9:31;JDG 9:33;JDG 9:35;JDG 9:36;JDG 9:37;JDG 9:39;JDG 9:40;JDG 9:41
Q25768260,JDG 9:26;JDG 9:28;JDG 9:30;JDG 9:31;JDG 9:35
Q16944355,JDG 9:28;JDG 9:30;JDG 9:36;JDG 9:38;JDG 9:41
Q1516117,JDG 10:1;JDG 10:2;JDG 10:3
Q125146895,JDG 10:1
Q137757337,JDG 10:1
Q1143157,JDG 10:3;JDG 10:5
Q1133523,JDG 11:1;JDG 11:2;JDG 11:3;JDG 11:5;JDG 11:7;JDG 11:8;JDG 11:9;JDG 11:10;JDG 11:11;JDG 11:12;JDG 11:13;JDG 11:14;JDG 11:15;JDG 11:28;JDG 11:29;JDG 11:30;JDG 11:32;JDG 11:34;JDG 11:35;JDG 11:40;JDG 12:1;JDG 12:2;JDG 12:4;JDG 12:7;JDG 12:8;1SA 12:11;HEB 11:32
Q137757351,JDG 11:1;JDG 11:2
Q16131373,JDG 11:34;JDG 11:40
Q645796,JDG 12:8;JDG 12:9;JDG 12:10;JDG 12:11
Q1333225,JDG 12:11;JDG 12:12;JDG 12:13
Q308320,JDG 12:13;JDG 12:15
Q128794244,JDG 12:13;JDG 12:15
Q221514,JDG 13:2;JDG 13:6;JDG 13:8;JDG 13:9;JDG 13:10;JDG 13:11;JDG 13:12;JDG 13:13;JDG 13:15;JDG 13:16;JDG 13:17;JDG 13:19;JDG 13:20;JDG 13:21;JDG 14:2;JDG 14:3;JDG 14:4;JDG 14:5;JDG 14:6;JDG 14:9;JDG 14:10;JDG 14:16;JDG 14:19;JDG 16:31
Q14579312,JDG 13:2;JDG 13:6;JDG 13:9;JDG 13:10;JDG 13:11;JDG 13:19;JDG 13:20;JDG 13:21;JDG 13:22;JDG 13:23;JDG 13:24;JDG 14:2;JDG 14:3;JDG 14:4;JDG 14:5;JDG 14:6;JDG 14:9;JDG 14:16
Q214648,JDG 13:24;JDG 14:1;JDG 14:3;JDG 14:5;JDG 14:7;JDG 14:8;JDG 14:10;JDG 14:12;JDG 14:15;JDG 14:16;JDG 14:18;JDG 14:19;JDG 15:1;JDG 15:3;JDG 15:4;JDG 15:6;JDG 15:7;JDG 15:10;JDG 15:11;JDG 15:12;JDG 15:14;JDG 15:16;JDG 15:17;JDG 15:18;JDG 15:19;JDG 15:20;JDG 16:1;JDG 16:2;JDG 16:3;JDG 16:4;JDG 16:6;JDG 16:7;JDG 16:9;JDG 16:10;JDG 16:12;JDG 16:13;JDG 16:14;JDG 16:17;JDG 16:20;JDG 16:23;JDG 16:25;JDG 16:26;JDG 16:27;JDG 16:28;JDG 16:29;JDG 16:30;JDG 16:31;HEB 11:32
Q937827,JDG 16:4;JDG 16:6;JDG 16:10;JDG 16:12;JDG 16:13;JDG 16:14;JDG 16:18
Q126367567,JDG 17:1;JDG 17:4;JDG 17:5;JDG 17:8;JDG 17:9;JDG 17:10;JDG 17:11;JDG 17:12;JDG 17:13;JDG 18:2;JDG 18:3;JDG 18:4;JDG 18:13;JDG 18:15;JDG 18:18;JDG 18:22;JDG 18:23;JDG 18:26;JDG 18:27;JDG 18:31
Q6272377,JDG 18:30
Q363660,RUT 1:1;RUT 1:2;RUT 1:3;RUT 1:5;RUT 2:1;RUT 2:3;RUT 4:3;RUT 4:9
Q2596433,RUT 1:1;RUT 1:2;RUT 1:3;RUT 1:5;RUT 1:6;RUT 1:8;RUT 1:11;RUT 1:14;RUT 1:15;RUT 1:18;RUT 1:19;RUT 1:20;RUT 1:21;RUT 1:22;RUT 2:1;RUT 2:2;RUT 2:6;RUT 2:11;RUT 2:18;RUT 2:19;RUT 2:20;RUT 2:22;RUT 2:23;RUT 3:1;RUT 3:6;RUT 3:16;RUT 3:17;RUT 3:18;RUT 4:3;RUT 4:5;RUT 4:9;RUT 4:14;RUT 4:16
Q9026972,RUT 1:1;RUT 1:2;RUT 1:3;RUT 1:5;RUT 2:11;RUT 4:5;RUT 4:9;RUT 4:10
Q30246326,RUT 1:1;RUT 1:2;RUT 1:3;RUT 1:5;RUT 4:9
Q1697019,RUT 1:4;RUT 1:6;RUT 1:7;RUT 1:8;RUT 1:11;RUT 1:12;RUT 1:13;RUT 1:14;RUT 1:15
Q1774982,RUT 1:4;RUT 1:6;RUT 1:7;RUT 1:8;RUT 1:11;RUT 1:12;RUT 1:13;RUT 1:14;RUT 1:16;RUT 1:18;RUT 1:19;RUT 1:22;RUT 2:2;RUT 2:3;RUT 2:6;RUT 2:8;RUT 2:13;RUT 2:15;RUT 2:17;RUT 2:20;RUT 2:21;RUT 2:22;RUT 2:23;RUT 3:1;RUT 3:5;RUT 3:7;RUT 3:9;RUT 3:14;RUT 3:16;RUT 3:18;RUT 4:5;RUT 4:10;RUT 4:11;RUT 4:12;RUT 4:13;RUT 4:15;RUT 4:17;MAT 1:5
Q212253,RUT 2:1;RUT 2:3;RUT 2:4;RUT 2:5;RUT 2:8;RUT 2:11;RUT 2:13;RUT 2:14;RUT 2:15;RUT 2:19;RUT 2:23;RUT 3:2;RUT 3:3;RUT 3:7;RUT 3:8;RUT 3:10;RUT 3:14;RUT 3:16;RUT 4:1;RUT 4:2;RUT 4:5;RUT 4:8;RUT 4:9;RUT 4:13;RUT 4:21;1CH 2:11;1CH 2:12;MAT 1:5;LUK 3:32
Q1135791,RUT 4:13;RUT 4:16;RUT 4:17;RUT 4:21;RUT 4:22;1CH 2:12;MAT 1:5;LUK 3:32
Q45090,RUT 4:17;RUT 4:22;1SA 16:1;1SA 16:3;1SA 16:5;1SA 16:8;1SA 16:9;1SA 16:10;1SA 16:11;1SA 16:12;1SA 16:18;1SA 16:19;1SA 16:20;1SA 16:22;1SA 17:12;1SA 17:13;1SA 17:15;1SA 17:17;1SA 17:20;1SA 17:34;1SA 17:58;1SA 18:2;1SA 20:27;1SA 20:30;1SA 20:31;1SA 22:1;1SA 22:3;1SA 22:7;1SA 22:8;1SA 22:9;1SA 22:13;1SA 25:10;2SA 20:1;2SA 23:1;1KI 12:16;1CH 2:12;1CH 2:13;1CH 10:14;1CH 12:18;1CH 28:4;1CH 29:26;2CH 10:16;2CH 11:18;PSA 72:20;ISA 11:1;ISA 11:10;MAT 1:5;MAT 1:6;LUK 3:32;ACT 13:22;ROM 15:12
Q41370,RUT 4:17;RUT 4:22;1SA 16:11;1SA 16:12;1SA 16:13;1SA 16:18;1SA 16:19;1SA 16:20;1SA 16:21;1SA 16:22;1SA 16:23;1SA 17:12;1SA 17:14;1SA 17:15;1SA 17:17;1SA 17:20;1SA 17:22;1SA 17:23;1SA 17:26;1SA 17:28;1SA 17:29;1SA 17:31;1SA 17:32;1SA 17:34;1SA 17:36;1SA 17:37;1SA 17:38;1SA 17:39;1SA 17:40;1SA 17:41;1SA 17:42;1SA 17:43;1SA 17:44;1SA 17:45;1SA 17:48;1SA 17:49;1SA 17:50;1SA 17:51;1SA 17:54;1SA 17:55;1SA 17:56;1SA 17:57;1SA 17:58;1SA 18:1;1SA 18:2;1SA 18:3;1SA 18:4;1SA 18:5;1SA 18:6;1SA 18:7;1SA 18:8;1SA 18:9;1SA 18:10;1SA 18:11;1SA 18:12;1SA 18:13;1SA 18:15;1SA 18:16;1SA 18:17;1SA 18:18;1SA 18:19;1SA 18:20;1SA 18:21;1SA 18:22;1SA 18:23;1SA 18:24;1SA 18:25;1SA 18:26;1SA 18:27;1SA 18:28;1SA 18:29;1SA 18:30;1SA 19:1;1SA 19:2;1SA 19:4;1SA 19:5;1SA 19:6;1SA 19:7;1SA 19:8;1SA 19:9;1SA 19:10;1SA 19:11;1SA 19:12;1SA 19:14;1SA 19:15;1SA 19:18;1SA 19:19;1SA 19:22;1SA 20:1;1SA 20:3;1SA 20:4;1SA 20:5;1SA 20:6;1SA 20:7;1SA 20:8;1SA 20:10;1SA 20:15;1SA 20:16;1SA 20:17;1SA 20:18;1SA 20:24;1SA 20:25;1SA 20:26;1SA 20:27;1SA 20:28;1SA 20:30;1SA 20:31;1SA 20:33;1SA 20:34;1SA 20:35;1SA 20:39;1SA 20:41;1SA 20:42;1SA 21:1;1SA 21:2;1SA 21:5;1SA 21:8;1SA 21:9;1SA 21:10;1SA 21:11;1SA 21:12;1SA 22:1;1SA 22:3;1SA 22:4;1SA 22:5;1SA 22:6;1SA 22:7;1SA 22:8;1SA 22:9;1SA 22:13;1SA 22:14;1SA 22:17;1SA 22:20;1SA 22:21;1SA 22:22;1SA 23:1;1SA 23:2;1SA 23:3;1SA 23:4;1SA 23:5;1SA 23:6;1SA 23:7;1SA 23:8;1SA 23:9;1SA 23:10;1SA 23:11;1SA 23:12;1SA 23:13;1SA 23:14;1SA 23:15;1SA 23:16;1SA 23:18;1SA 23:19;1SA 23:24;1SA 23:25;1SA 23:26;1SA 23:28;1SA 23:29;1SA 24:1;1SA 24:2;1SA 24:3;1SA 24:4;1SA 24:5;1SA 24:7;1SA 24:8;1SA 24:9;1SA 24:16;1SA 24:17;1SA 24:22;1SA 25:1;1SA 25:4;1SA 25:5;1SA 25:8;1SA 25:9;1SA 25:10;1SA 25:12;1SA 25:13;1SA 25:14;1SA 25:20;1SA 25:21;1SA 25:22;1SA 25:23;1SA 25:24;1SA 25:25;1SA 25:26;1SA 25:27;1SA 25:28;1SA 25:29;1SA 25:30;1SA 25:31;1SA 25:32;1SA 25:35;1SA 25:39;1SA 25:40;1SA 25:41;1SA 25:42;1SA 25:43;1SA 25:44;1SA 26:1;1SA 26:2;1SA 26:3;1SA 26:4;1SA 26:5;1SA 26:6;1SA 26:7;1SA 26:8;1SA 26:9;1SA 26:10;1SA 26:12;1SA 26:13;1SA 26:14;1SA 26:15;1SA 26:17;1SA 26:18;1SA 26:19;1SA 26:21;1SA 26:22;1SA 26:25;1SA 27:1;1SA 27:2;1SA 27:3;1SA 27:4;1SA 27:5;1SA 27:7;1SA 27:8;1SA 27:9;1SA 27:10;1SA 27:11;1SA 27:12;1SA 28:1;1SA 28:2;1SA 28:17;1SA 29:2;1SA 29:3;1SA 29:5;1SA 29:6;1SA 29:8;1SA 29:11;1SA 30:1;1SA 30:3;1SA 30:4;1SA 30:5;1SA 30:6;1SA 30:7;1SA 30:8;1SA 30:9;1SA 30:10;1SA 30:11;1SA 30:13;1SA 30:15;1SA 30:16;1SA 30:17;1SA 30:18;1SA 30:19;1SA 30:20;1SA 30:21;1SA 30:22;1SA 30:23;1SA 30:25;1SA 30:26;1SA 30:31;2SA 1:1;2SA 1:2;2SA 1:3;2SA 1:4;2SA 1:5;2SA 1:10;2SA 1:11;2SA 1:13;2SA 1:14;2SA 1:15;2SA 1:16;2SA 1:17;2SA 2:1;2SA 2:2;2SA 2:3;2SA 2:4;2SA 2:5;2SA 2:10;2SA 2:11;2SA 2:13;2SA 2:15;2SA 2:17;2SA 2:30;2SA 3:1;2SA 3:2;2SA 3:5;2SA 3:6;2SA 3:8;2SA 3:9;2SA 3:10;2SA 3:12;2SA 3:13;2SA 3:14;2SA 3:17;2SA 3:18;2SA 3:19;2SA 3:20;2SA 3:21;2SA 3:22;2SA 3:23;2SA 3:24;2SA 3:26;2SA 3:28;2SA 3:31;2SA 3:32;2SA 3:33;2SA 3:35;2SA 3:36;2SA 3:37;2SA 3:38;2SA 4:8;2SA 4:9;2SA 4:12;2SA 5:1;2SA 5:3;2SA 5:4;2SA 5:6;2SA 5:7;2SA 5:8;2SA 5:9;2SA 5:10;2SA 5:11;2SA 5:12;2SA 5:13;2SA 5:17;2SA 5:19;2SA 5:20;2SA 5:21;2SA 5:23;2SA 5:25;2SA 6:1;2SA 6:5;2SA 6:8;2SA 6:9;2SA 6:10;2SA 6:12;2SA 6:14;2SA 6:16;2SA 6:17;2SA 6:18;2SA 6:20;2SA 6:21;2SA 7:1;2SA 7:3;2SA 7:5;2SA 7:8;2SA 7:17;2SA 7:18;2SA 7:19;2SA 7:20;2SA 7:21;2SA 7:25;2SA 7:26;2SA 7:27;2SA 7:28;2SA 7:29;2SA 8:1;2SA 8:2;2SA 8:3;2SA 8:4;2SA 8:5;2SA 8:6;2SA 8:7;2SA 8:8;2SA 8:9;2SA 8:10;2SA 8:11;2SA 8:13;2SA 8:14;2SA 8:15;2SA 8:18;2SA 9:1;2SA 9:2;2SA 9:3;2SA 9:4;2SA 9:5;2SA 9:6;2SA 9:7;2SA 9:9;2SA 9:11;2SA 9:13;2SA 10:2;2SA 10:3;2SA 10:4;2SA 10:5;2SA 10:6;2SA 10:7;2SA 10:17;2SA 10:18;2SA 11:1;2SA 11:2;2SA 11:3;2SA 11:4;2SA 11:5;2SA 11:6;2SA 11:7;2SA 11:8;2SA 11:9;2SA 11:10;2SA 11:12;2SA 11:13;2SA 11:14;2SA 11:17;2SA 11:18;2SA 11:19;2SA 11:20;2SA 11:22;2SA 11:23;2SA 11:24;2SA 11:25;2SA 11:27;2SA 12:1;2SA 12:5;2SA 12:7;2SA 12:13;2SA 12:15;2SA 12:16;2SA 12:18;2SA 12:19;2SA 12:20;2SA 12:22;2SA 12:24;2SA 12:27;2SA 12:29;2SA 12:30;2SA 12:31;2SA 13:1;2SA 13:3;2SA 13:4;2SA 13:5;2SA 13:6;2SA 13:7;2SA 13:13;2SA 13:18;2SA 13:21;2SA 13:23;2SA 13:24;2SA 13:25;2SA 13:26;2SA 13:27;2SA 13:29;2SA 13:30;2SA 13:31;2SA 13:32;2SA 13:33;2SA 13:34;2SA 13:35;2SA 13:36;2SA 13:37;2SA 13:39;2SA 14:1;2SA 14:3;2SA 14:4;2SA 14:5;2SA 14:8;2SA 14:9;2SA 14:10;2SA 14:11;2SA 14:12;2SA 14:13;2SA 14:15;2SA 14:16;2SA 14:17;2SA 14:18;2SA 14:19;2SA 14:21;2SA 14:22;2SA 14:24;2SA 14:28;2SA 14:29;2SA 14:32;2SA 14:33;2SA 15:2;2SA 15:3;2SA 15:6;2SA 15:7;2SA 15:9;2SA 15:12;2SA 15:13;2SA 15:14;2SA 15:15;2SA 15:16;2SA 15:17;2SA 15:19;2SA 15:21;2SA 15:22;2SA 15:23;2SA 15:25;2SA 15:27;2SA 15:30;2SA 15:31;2SA 15:32;2SA 15:33;2SA 15:34;2SA 15:37;2SA 16:1;2SA 16:2;2SA 16:3;2SA 16:4;2SA 16:5;2SA 16:6;2SA 16:7;2SA 16:9;2SA 16:10;2SA 16:11;2SA 16:13;2SA 16:14;2SA 16:16;2SA 16:17;2SA 16:19;2SA 16:21;2SA 16:22;2SA 16:23;2SA 17:1;2SA 17:2;2SA 17:8;2SA 17:10;2SA 17:12;2SA 17:16;2SA 17:17;2SA 17:21;2SA 17:22;2SA 17:24;2SA 17:27;2SA 17:29;2SA 18:1;2SA 18:2;2SA 18:4;2SA 18:5;2SA 18:6;2SA 18:7;2SA 18:9;2SA 18:12;2SA 18:13;2SA 18:19;2SA 18:20;2SA 18:21;2SA 18:24;2SA 18:25;2SA 18:26;2SA 18:27;2SA 18:28;2SA 18:29;2SA 18:30;2SA 18:31;2SA 18:32;2SA 18:33;2SA 19:1;2SA 19:2;2SA 19:4;2SA 19:5;2SA 19:8;2SA 19:9;2SA 19:10;2SA 19:11;2SA 19:12;2SA 19:14;2SA 19:15;2SA 19:16;2SA 19:17;2SA 19:18;2SA 19:19;2SA 19:20;2SA 19:21;2SA 19:22;2SA 19:23;2SA 19:24;2SA 19:25;2SA 19:26;2SA 19:27;2SA 19:28;2SA 19:29;2SA 19:30;2SA 19:31;2SA 19:32;2SA 19:33;2SA 19:34;2SA 19:35;2SA 19:36;2SA 19:37;2SA 19:38;2SA 19:39;2SA 19:40;2SA 19:41;2SA 19:42;2SA 19:43;2SA 20:1;2SA 20:2;2SA 20:3;2SA 20:4;2SA 20:6;2SA 20:11;2SA 20:21;2SA 20:26;2SA 21:1;2SA 21:2;2SA 21:3;2SA 21:5;2SA 21:6;2SA 21:7;2SA 21:8;2SA 21:11;2SA 21:13;2SA 21:14;2SA 21:15;2SA 21:16;2SA 21:17;2SA 21:21;2SA 21:22;2SA 22:1;2SA 22:51;2SA 23:1;2SA 23:8;2SA 23:9;2SA 23:13;2SA 23:14;2SA 23:15;2SA 23:16;2SA 23:23;2SA 24:1;2SA 24:2;2SA 24:3;2SA 24:4;2SA 24:9;2SA 24:10;2SA 24:11;2SA 24:12;2SA 24:13;2SA 24:14;2SA 24:17;2SA 24:18;2SA 24:19;2SA 24:20;2SA 24:21;2SA 24:22;2SA 24:23;2SA 24:24;1KI 1:1;1KI 1:2;1KI 1:3;1KI 1:4;1KI 1:5;1KI 1:6;1KI 1:8;1KI 1:9;1KI 1:11;1KI 1:13;1KI 1:14;1KI 1:15;1KI 1:16;1KI 1:18;1KI 1:19;1KI 1:20;1KI 1:21;1KI 1:22;1KI 1:23;1KI 1:24;1KI 1:25;1KI 1:27;1KI 1:28;1KI 1:29;1KI 1:31;1KI 1:32;1KI 1:33;1KI 1:36;1KI 1:37;1KI 1:38;1KI 1:43;1KI 1:44;1KI 1:47;1KI 2:1;1KI 2:10;1KI 2:11;1KI 2:12;1KI 2:24;1KI 2:26;1KI 2:31;1KI 2:32;1KI 2:33;1KI 2:44;1KI 2:45;1KI 3:1;1KI 3:3;1KI 3:6;1KI 3:7;1KI 3:14;1KI 5:1;1KI 5:3;1KI 5:5;1KI 5:7;1KI 6:12;1KI 7:51;1KI 8:1;1KI 8:15;1KI 8:16;1KI 8:17;1KI 8:18;1KI 8:20;1KI 8:24;1KI 8:25;1KI 8:26;1KI 8:66;1KI 9:4;1KI 9:5;1KI 9:24;1KI 11:4;1KI 11:6;1KI 11:12;1KI 11:15;1KI 11:21;1KI 11:24;1KI 11:27;1KI 11:32;1KI 11:33;1KI 11:34;1KI 11:36;1KI 11:38;1KI 11:39;1KI 11:43;1KI 12:16;1KI 12:19;1KI 12:20;1KI 12:26;1KI 13:2;1KI 14:8;1KI 14:31;1KI 15:3;1KI 15:4;1KI 15:5;1KI 15:8;1KI 15:11;1KI 15:24;1KI 22:50;2KI 8:19;2KI 8:24;2KI 9:28;2KI 11:10;2KI 12:21;2KI 14:3;2KI 14:20;2KI 15:7;2KI 15:38;2KI 16:2;2KI 16:20;2KI 17:21;2KI 18:3;2KI 19:34;2KI 20:5;2KI 20:6;2KI 21:7;2KI 22:2;1CH 2:15;1CH 3:1;1CH 3:4;1CH 3:6;1CH 3:9;1CH 4:31;1CH 6:31;1CH 7:2;1CH 9:22;1CH 10:14;1CH 11:1;1CH 11:3;1CH 11:4;1CH 11:5;1CH 11:6;1CH 11:7;1CH 11:9;1CH 11:10;1CH 11:11;1CH 11:13;1CH 11:14;1CH 11:15;1CH 11:16;1CH 11:17;1CH 11:18;1CH 11:19;1CH 11:25;1CH 12:1;1CH 12:8;1CH 12:16;1CH 12:17;1CH 12:18;1CH 12:19;1CH 12:20;1CH 12:21;1CH 12:22;1CH 12:23;1CH 12:31;1CH 12:33;1CH 12:38;1CH 12:39;1CH 13:1;1CH 13:5;1CH 13:6;1CH 13:8;1CH 13:11;1CH 13:12;1CH 13:13;1CH 14:1;1CH 14:2;1CH 14:3;1CH 14:8;1CH 14:10;1CH 14:11;1CH 14:12;1CH 14:14;1CH 14:16;1CH 14:17;1CH 15:1;1CH 15:2;1CH 15:3;1CH 15:11;1CH 15:16;1CH 15:25;1CH 15:27;1CH 15:29;1CH 16:1;1CH 16:2;1CH 16:4;1CH 16:7;1CH 16:37;1CH 16:39;1CH 16:43;1CH 17:1;1CH 17:2;1CH 17:4;1CH 17:7;1CH 17:15;1CH 17:16;1CH 17:17;1CH 17:18;1CH 17:19;1CH 17:23;1CH 17:24;1CH 17:25;1CH 17:26;1CH 17:27;1CH 18:1;1CH 18:2;1CH 18:3;1CH 18:4;1CH 18:5;1CH 18:6;1CH 18:7;1CH 18:8;1CH 18:9;1CH 18:10;1CH 18:11;1CH 18:13;1CH 18:14;1CH 18:17;1CH 19:2;1CH 19:3;1CH 19:4;1CH 19:5;1CH 19:6;1CH 19:8;1CH 19:17;1CH 19:18;1CH 19:19;1CH 20:1;1CH 20:2;1CH 20:3;1CH 20:7;1CH 20:8;1CH 21:1;1CH 21:2;1CH 21:3;1CH 21:4;1CH 21:5;1CH 21:6;1CH 21:8;1CH 21:9;1CH 21:10;1CH 21:11;1CH 21:13;1CH 21:16;1CH 21:17;1CH 21:18;1CH 21:19;1CH 21:21;1CH 21:22;1CH 21:23;1CH 21:24;1CH 21:25;1CH 21:28;1CH 21:30;1CH 22:1;1CH 22:2;1CH 22:3;1CH 22:4;1CH 22:5;1CH 22:6;1CH 22:7;1CH 22:17;1CH 23:1;1CH 23:4;1CH 23:6;1CH 23:25;1CH 23:27;1CH 24:3;1CH 24:31;1CH 25:1;1CH 25:2;1CH 25:5;1CH 25:6;1CH 26:26;1CH 26:31;1CH 26:32;1CH 27:18;1CH 27:23;1CH 27:24;1CH 27:31;1CH 27:32;1CH 27:33;1CH 27:34;1CH 28:1;1CH 28:2;1CH 28:11;1CH 28:12;1CH 28:19;1CH 28:20;1CH 29:1;1CH 29:9;1CH 29:10;1CH 29:20;1CH 29:22;1CH 29:23;1CH 29:24;1CH 29:26;1CH 29:27;1CH 29:29;2CH 1:1;2CH 1:4;2CH 1:8;2CH 1:9;2CH 2:3;2CH 2:7;2CH 2:12;2CH 2:14;2CH 2:17;2CH 3:1;2CH 5:1;2CH 5:2;2CH 6:4;2CH 6:6;2CH 6:7;2CH 6:8;2CH 6:10;2CH 6:15;2CH 6:16;2CH 6:17;2CH 6:42;2CH 7:6;2CH 7:10;2CH 7:17;2CH 7:18;2CH 8:11;2CH 8:14;2CH 9:31;2CH 10:16;2CH 10:19;2CH 11:17;2CH 11:18;2CH 12:16;2CH 13:5;2CH 13:6;2CH 13:8;2CH 14:1;2CH 16:14;2CH 17:3;2CH 21:1;2CH 21:7;2CH 21:12;2CH 21:20;2CH 23:3;2CH 23:9;2CH 23:18;2CH 24:16;2CH 24:25;2CH 27:9;2CH 28:1;2CH 29:2;2CH 29:25;2CH 29:26;2CH 29:27;2CH 29:30;2CH 30:26;2CH 32:5;2CH 32:30;2CH 32:33;2CH 33:7;2CH 33:14;2CH 34:2;2CH 34:3;2CH 35:3;2CH 35:4;2CH 35:15;EZR 3:10;EZR 8:20;NEH 3:15;NEH 3:16;NEH 12:24;NEH 12:36;NEH 12:37;NEH 12:45;NEH 12:46;PSA 3:12;PSA 4:8;PSA 5:8;PSA 6:12;PSA 7:10;PSA 8:17;PSA 9:9;PSA 11:18;PSA 12:7;PSA 13:8;PSA 14:6;PSA 15:7;PSA 16:5;PSA 17:11;PSA 18:15;PSA 18:50;PSA 19:50;PSA 19:11;PSA 19:13;PSA 20:14;PSA 21:9;PSA 22:13;PSA 23:31;PSA 24:6;PSA 25:10;PSA 26:22;PSA 27:12;PSA 28:14;PSA 29:9;PSA 30:11;PSA 31:12;PSA 32:24;PSA 34:22;PSA 35:22;PSA 36:28;PSA 37:12;PSA 38:40;PSA 39:22;PSA 40:13;PSA 41:17;PSA 51:23;PSA 52:19;PSA 53:9;PSA 54:6;PSA 55:7;PSA 56:23;PSA 57:13;PSA 58:11;PSA 59:11;PSA 60:17;PSA 61:12;PSA 62:8;PSA 63:12;PSA 64:11;PSA 65:10;PSA 68:7;PSA 69:35;PSA 70:36;PSA 72:20;PSA 78:70;PSA 78:72;PSA 86:13;PSA 89:3;PSA 89:20;PSA 89:35;PSA 89:49;PSA 101:5;PSA 103:28;PSA 108:43;PSA 109:13;PSA 110:31;PSA 122:8;PSA 122:5;PSA 124:4;PSA 131:8;PSA 132:1;PSA 132:10;PSA 132:11;PSA 132:17;PSA 133:18;PSA 138:9;PSA 139:8;PSA 140:24;PSA 141:13;PSA 142:10;PSA 143:7;PSA 144:12;PSA 144:10;PSA 145:15;PRO 1:1;ECC 1:1;ISA 7:2;ISA 7:13;ISA 9:7;ISA 16:5;ISA 22:9;ISA 22:22;ISA 29:1;ISA 37:35;ISA 38:5;ISA 55:3;JER 13:13;JER 17:25;JER 21:12;JER 22:2;JER 22:4;JER 22:30;JER 23:5;JER 29:16;JER 30:9;JER 33:15;JER 33:17;JER 33:21;JER 33:22;JER 33:26;JER 36:30;EZK 34:23;EZK 34:24;EZK 37:24;EZK 37:25;HOS 3:5;AMO 6:5;AMO 9:11;ZEC 12:7;ZEC 12:8;ZEC 12:10;ZEC 12:12;ZEC 13:1;MAT 1:1;MAT 1:6;MAT 1:17;MAT 1:20;MAT 9:27;MAT 12:3;MAT 12:23;MAT 15:22;MAT 20:30;MAT 20:31;MAT 21:9;MAT 21:15;MAT 22:42;MAT 22:43;MAT 22:45;MRK 2:25;MRK 10:47;MRK 10:48;MRK 11:10;MRK 12:35;MRK 12:36;MRK 12:37;LUK 1:27;LUK 1:32;LUK 1:69;LUK 2:4;LUK 2:11;LUK 3:31;LUK 6:3;LUK 18:38;LUK 18:39;LUK 20:41;LUK 20:42;LUK 20:44;JHN 7:42;ACT 1:16;ACT 2:25;ACT 2:29;ACT 2:31;ACT 2:34;ACT 4:25;ACT 7:45;ACT 13:22;ACT 13:34;ACT 13:36;ACT 15:16;ROM 1:3;ROM 4:6;ROM 11:9;2TI 2:8;HEB 11:32;REV 3:7;REV 22:16
Q1824842,RUT 4:19;1CH 2:9;1CH 2:10;MAT 1:3;MAT 1:4
Q1771358,RUT 4:20;RUT 4:21;1CH 2:11;MAT 1:4;MAT 1:5;LUK 3:32
Q2424977,1SA 1:1;1SA 1:3;1SA 1:4;1SA 1:8;1SA 1:19;1SA 1:21;1SA 1:22;1SA 1:23;1SA 2:11;1SA 2:19;1SA 2:20;1CH 6:27;1CH 6:34
Q6182499,1SA 1:1;1CH 6:27;1CH 6:34
Q115052422,1SA 1:1;1CH 6:27;1CH 6:34
Q115052531,1SA 1:1;1CH 6:34
Q115052712,1SA 1:1;1CH 6:35
Q2346367,1SA 1:2;1SA 1:5;1SA 1:6;1SA 1:7;1SA 1:8;1SA 1:9;1SA 1:10;1SA 1:11;1SA 1:12;1SA 1:13;1SA 1:15;1SA 1:16;1SA 1:18;1SA 1:19;1SA 1:20;1SA 1:22;1SA 1:23;1SA 1:24;1SA 1:26;1SA 2:1;1SA 2:19;1SA 2:20;1SA 2:21
Q2068934,1SA 1:2;1SA 1:4
Q362021,1SA 1:3;1SA 1:9;1SA 1:12;1SA 1:13;1SA 1:15;1SA 1:17;1SA 1:25;1SA 1:26;1SA 2:11;1SA 2:12;1SA 2:20;1SA 2:22;1SA 2:23;1SA 2:25;1SA 2:27;1SA 3:1;1SA 3:2;1SA 3:5;1SA 3:6;1SA 3:8;1SA 3:12;1SA 3:14;1SA 3:15;1SA 3:16;1SA 3:17;1SA 3:18;1SA 4:4;1SA 4:11;1SA 4:13;1SA 4:14;1SA 4:15;1SA 4:16;1SA 4:18;1SA 4:19;1SA 4:21;1SA 14:3;1KI 2:27
Q1563312,1SA 1:3;1SA 2:12;1SA 2:17;1SA 2:22;1SA 2:23;1SA 2:24;1SA 2:29;1SA 2:34;1SA 3:13;1SA 4:4;1SA 4:11;1SA 4:17
Q20723908,1SA 1:3;1SA 2:12;1SA 2:17;1SA 2:22;1SA 2:23;1SA 2:24;1SA 2:29;1SA 2:34;1SA 3:13;1SA 4:4;1SA 4:11;1SA 4:17;1SA 4:19;1SA 4:21;1SA 14:3
Q6577515,1SA 1:20;1SA 1:22;1SA 1:23;1SA 1:24;1SA 1:25;1SA 1:27;1SA 1:28;1SA 2:11;1SA 2:18;1SA 2:21;1SA 2:26;1SA 3:1;1SA 3:3;1SA 3:4;1SA 3:6;1SA 3:7;1SA 3:8;1SA 3:9;1SA 3:10;1SA 3:11;1SA 3:15;1SA 3:16;1SA 3:18;1SA 3:19;1SA 3:20;1SA 3:21;1SA 4:1;1SA 7:3;1SA 7:5;1SA 7:6;1SA 7:8;1SA 7:9;1SA 7:10;1SA 7:12;1SA 7:13;1SA 7:15;1SA 8:1;1SA 8:4;1SA 8:6;1SA 8:7;1SA 8:10;1SA 8:19;1SA 8:21;1SA 8:22;1SA 9:6;1SA 9:7;1SA 9:8;1SA 9:9;1SA 9:10;1SA 9:11;1SA 9:14;1SA 9:15;1SA 9:17;1SA 9:18;1SA 9:19;1SA 9:22;1SA 9:23;1SA 9:24;1SA 9:25;1SA 9:26;1SA 9:27;1SA 10:1;1SA 10:9;1SA 10:14;1SA 10:15;1SA 10:16;1SA 10:17;1SA 10:20;1SA 10:24;1SA 10:25;1SA 11:7;1SA 11:12;1SA 11:14;1SA 12:1;1SA 12:5;1SA 12:6;1SA 12:11;1SA 12:18;1SA 12:19;1SA 12:20;1SA 13:8;1SA 13:10;1SA 13:11;1SA 13:13;1SA 13:15;1SA 15:1;1SA 15:10;1SA 15:11;1SA 15:12;1SA 15:13;1SA 15:14;1SA 15:16;1SA 15:17;1SA 15:22;1SA 15:24;1SA 15:26;1SA 15:27;1SA 15:28;1SA 15:31;1SA 15:32;1SA 15:33;1SA 15:34;1SA 15:35;1SA 16:1;1SA 16:2;1SA 16:4;1SA 16:6;1SA 16:7;1SA 16:8;1SA 16:9;1SA 16:10;1SA 16:11;1SA 16:13;1SA 19:18;1SA 19:20;1SA 19:22;1SA 19:24;1SA 25:1;1SA 28:3;1SA 28:11;1SA 28:12;1SA 28:14;1SA 28:15;1SA 28:16;1SA 28:20;1CH 6:28;1CH 6:33;1CH 9:22;1CH 26:28;1CH 29:29;2CH 35:18;PSA 99:6;JER 15:1;ACT 3:24;HEB 11:32
Q7999473,1SA 4:19
Q4205417,1SA 4:20;1SA 4:21;1SA 14:3
Q132131679,1SA 6:14
Q124290973,1SA 7:1
Q5354448,1SA 7:1
Q20888416,1SA 8:1;1SA 8:2;1SA 8:3;1SA 8:5;1SA 12:2;1CH 6:28;1CH 6:33;1CH 15:17
Q3603527,1SA 8:1;1SA 8:2;1SA 8:3;1SA 8:5;1SA 12:2;1CH 6:28
Q2915270,1SA 9:1;1SA 9:3;1SA 9:5;1SA 9:20;1SA 10:2;1SA 10:11;1SA 10:21;1SA 14:51;2SA 21:14;1CH 8:30;1CH 8:33;1CH 9:36;1CH 9:39;1CH 12:1;1CH 26:28;ACT 13:21
Q16128781,1SA 9:1;1SA 14:51;1CH 8:29;1CH 9:35
Q3541493,1SA 9:1
Q2929707,1SA 9:1
Q2858222,1SA 9:1
Q28730,1SA 9:2;1SA 9:3;1SA 9:4;1SA 9:5;1SA 9:7;1SA 9:10;1SA 9:14;1SA 9:15;1SA 9:16;1SA 9:17;1SA 9:18;1SA 9:21;1SA 9:22;1SA 9:24;1SA 9:25;1SA 9:26;1SA 9:27;1SA 10:1;1SA 10:2;1SA 10:9;1SA 10:10;1SA 10:11;1SA 10:12;1SA 10:13;1SA 10:14;1SA 10:15;1SA 10:16;1SA 10:21;1SA 10:23;1SA 10:24;1SA 10:26;1SA 10:27;1SA 11:4;1SA 11:5;1SA 11:6;1SA 11:7;1SA 11:8;1SA 11:11;1SA 11:12;1SA 11:13;1SA 11:15;1SA 12:2;1SA 12:13;1SA 13:1;1SA 13:2;1SA 13:3;1SA 13:4;1SA 13:7;1SA 13:8;1SA 13:10;1SA 13:11;1SA 13:15;1SA 13:16;1SA 13:22;1SA 14:1;1SA 14:2;1SA 14:16;1SA 14:17;1SA 14:18;1SA 14:19;1SA 14:20;1SA 14:21;1SA 14:24;1SA 14:27;1SA 14:28;1SA 14:29;1SA 14:33;1SA 14:35;1SA 14:36;1SA 14:37;1SA 14:38;1SA 14:40;1SA 14:41;1SA 14:42;1SA 14:43;1SA 14:44;1SA 14:45;1SA 14:46;1SA 14:47;1SA 14:49;1SA 14:50;1SA 14:51;1SA 14:52;1SA 15:1;1SA 15:4;1SA 15:5;1SA 15:7;1SA 15:9;1SA 15:11;1SA 15:12;1SA 15:13;1SA 15:15;1SA 15:16;1SA 15:20;1SA 15:24;1SA 15:27;1SA 15:30;1SA 15:31;1SA 15:34;1SA 15:35;1SA 16:1;1SA 16:2;1SA 16:14;1SA 16:15;1SA 16:17;1SA 16:19;1SA 16:20;1SA 16:21;1SA 16:22;1SA 16:23;1SA 17:2;1SA 17:8;1SA 17:11;1SA 17:12;1SA 17:13;1SA 17:14;1SA 17:15;1SA 17:19;1SA 17:25;1SA 17:31;1SA 17:32;1SA 17:33;1SA 17:37;1SA 17:38;1SA 17:39;1SA 17:55;1SA 17:56;1SA 17:57;1SA 17:58;1SA 18:1;1SA 18:2;1SA 18:5;1SA 18:6;1SA 18:7;1SA 18:8;1SA 18:9;1SA 18:10;1SA 18:12;1SA 18:13;1SA 18:15;1SA 18:17;1SA 18:18;1SA 18:19;1SA 18:20;1SA 18:21;1SA 18:22;1SA 18:23;1SA 18:24;1SA 18:25;1SA 18:26;1SA 18:27;1SA 18:28;1SA 18:29;1SA 18:30;1SA 19:1;1SA 19:2;1SA 19:3;1SA 19:4;1SA 19:6;1SA 19:7;1SA 19:9;1SA 19:10;1SA 19:11;1SA 19:14;1SA 19:15;1SA 19:17;1SA 19:18;1SA 19:19;1SA 19:20;1SA 19:21;1SA 19:22;1SA 19:23;1SA 19:24;1SA 20:1;1SA 20:3;1SA 20:5;1SA 20:6;1SA 20:8;1SA 20:9;1SA 20:10;1SA 20:12;1SA 20:13;1SA 20:24;1SA 20:26;1SA 20:27;1SA 20:29;1SA 20:30;1SA 20:33;1SA 20:34;1SA 21:2;1SA 21:7;1SA 21:8;1SA 21:10;1SA 21:11;1SA 22:6;1SA 22:7;1SA 22:9;1SA 22:11;1SA 22:12;1SA 22:13;1SA 22:14;1SA 22:15;1SA 22:16;1SA 22:17;1SA 22:18;1SA 22:21;1SA 22:22;1SA 23:7;1SA 23:8;1SA 23:9;1SA 23:10;1SA 23:11;1SA 23:12;1SA 23:13;1SA 23:14;1SA 23:15;1SA 23:16;1SA 23:17;1SA 23:19;1SA 23:21;1SA 23:24;1SA 23:25;1SA 23:26;1SA 23:27;1SA 23:28;1SA 24:1;1SA 24:2;1SA 24:3;1SA 24:4;1SA 24:5;1SA 24:6;1SA 24:7;1SA 24:8;1SA 24:9;1SA 24:10;1SA 24:11;1SA 24:14;1SA 24:16;1SA 24:22;1SA 25:44;1SA 26:1;1SA 26:2;1SA 26:3;1SA 26:4;1SA 26:5;1SA 26:6;1SA 26:7;1SA 26:12;1SA 26:14;1SA 26:15;1SA 26:16;1SA 26:17;1SA 26:18;1SA 26:19;1SA 26:20;1SA 26:21;1SA 26:22;1SA 26:25;1SA 27:1;1SA 27:4;1SA 28:3;1SA 28:4;1SA 28:5;1SA 28:7;1SA 28:8;1SA 28:9;1SA 28:10;1SA 28:12;1SA 28:13;1SA 28:14;1SA 28:15;1SA 28:20;1SA 28:21;1SA 28:23;1SA 28:25;1SA 29:3;1SA 29:4;1SA 29:5;1SA 31:2;1SA 31:3;1SA 31:4;1SA 31:5;1SA 31:6;1SA 31:7;1SA 31:8;1SA 31:9;1SA 31:11;1SA 31:12;2SA 1:1;2SA 1:2;2SA 1:4;2SA 1:5;2SA 1:6;2SA 1:12;2SA 1:14;2SA 1:16;2SA 1:17;2SA 1:21;2SA 1:22;2SA 1:23;2SA 1:24;2SA 2:4;2SA 2:5;2SA 2:7;2SA 2:8;2SA 2:10;2SA 2:12;2SA 2:15;2SA 3:1;2SA 3:6;2SA 3:7;2SA 3:8;2SA 3:10;2SA 3:13;2SA 3:14;2SA 4:1;2SA 4:2;2SA 4:4;2SA 4:8;2SA 4:10;2SA 5:2;2SA 6:16;2SA 6:20;2SA 6:21;2SA 6:23;2SA 7:15;2SA 9:1;2SA 9:2;2SA 9:3;2SA 9:6;2SA 9:7;2SA 9:9;2SA 9:10;2SA 12:7;2SA 12:8;2SA 16:3;2SA 16:5;2SA 16:8;2SA 19:17;2SA 19:24;2SA 19:28;2SA 21:1;2SA 21:2;2SA 21:4;2SA 21:6;2SA 21:7;2SA 21:8;2SA 21:11;2SA 21:12;2SA 21:13;2SA 21:14;2SA 22:1;1CH 5:10;1CH 8:33;1CH 9:39;1CH 10:2;1CH 10:3;1CH 10:4;1CH 10:5;1CH 10:6;1CH 10:7;1CH 10:8;1CH 10:9;1CH 10:11;1CH 10:12;1CH 10:13;1CH 11:2;1CH 12:1;1CH 12:2;1CH 12:19;1CH 12:23;1CH 12:29;1CH 13:3;1CH 15:29;1CH 26:28;PSA 18:15;PSA 52:19;PSA 54:6;PSA 57:13;PSA 59:11;ISA 10:29;ACT 13:21;ACT 13:22
Q132132686,1SA 10:21
Q6959218,1SA 11:1;1SA 11:2;1SA 11:10;1SA 12:12;2SA 10:1;2SA 10:2;2SA 10:3;1CH 19:1;1CH 19:2;1CH 19:3
Q74891,1SA 13:2;1SA 13:3;1SA 13:16;1SA 13:22;1SA 14:1;1SA 14:3;1SA 14:4;1SA 14:6;1SA 14:8;1SA 14:12;1SA 14:13;1SA 14:14;1SA 14:17;1SA 14:21;1SA 14:27;1SA 14:29;1SA 14:39;1SA 14:40;1SA 14:41;1SA 14:42;1SA 14:43;1SA 14:44;1SA 14:45;1SA 14:49;1SA 18:1;1SA 18:3;1SA 18:4;1SA 19:1;1SA 19:4;1SA 19:6;1SA 19:7;1SA 20:1;1SA 20:2;1SA 20:3;1SA 20:4;1SA 20:9;1SA 20:10;1SA 20:12;1SA 20:16;1SA 20:17;1SA 20:18;1SA 20:25;1SA 20:27;1SA 20:28;1SA 20:30;1SA 20:32;1SA 20:33;1SA 20:34;1SA 20:35;1SA 20:36;1SA 20:37;1SA 20:38;1SA 20:39;1SA 20:40;1SA 20:41;1SA 20:42;1SA 22:8;1SA 23:16;1SA 23:18;1SA 31:2;1SA 31:6;1SA 31:7;1SA 31:8;1SA 31:12;2SA 1:4;2SA 1:5;2SA 1:12;2SA 1:17;2SA 1:22;2SA 1:23;2SA 1:25;2SA 1:26;2SA 4:4;2SA 9:1;2SA 9:3;2SA 9:6;2SA 9:7;2SA 21:7;2SA 21:12;2SA 21:13;2SA 21:14;1CH 8:33;1CH 8:34;1CH 9:39;1CH 9:40;1CH 10:2;1CH 10:6;1CH 10:8
Q4695144,1SA 14:3
Q132131762,1SA 14:49
Q132132935,1SA 14:49;1SA 31:2;1SA 31:6;1SA 31:7;1SA 31:8;1SA 31:12;1CH 8:33;1CH 9:39;1CH 10:2;1CH 10:6;1CH 10:8
Q10581739,1SA 14:49;1SA 18:17;1SA 18:19
Q1341397,1SA 14:49;1SA 18:20;1SA 18:27;1SA 18:28;1SA 19:11;1SA 19:12;1SA 19:13;1SA 19:14;1SA 19:17;1SA 25:44;2SA 3:13;2SA 3:14;2SA 3:15;2SA 6:16;2SA 6:20;2SA 6:21;2SA 6:23;1CH 15:29
Q9138866,1SA 14:50;1SA 20:30
Q114833216,1SA 14:50
Q1133337,1SA 14:50;1SA 14:51;1SA 20:25;1SA 26:5;1SA 26:7;1SA 26:14;1SA 26:15;2SA 2:8;2SA 2:12;2SA 2:14;2SA 2:17;2SA 2:19;2SA 2:20;2SA 2:21;2SA 2:22;2SA 2:23;2SA 2:24;2SA 2:25;2SA 2:26;2SA 2:29;2SA 2:30;2SA 2:31;2SA 3:6;2SA 3:7;2SA 3:8;2SA 3:9;2SA 3:11;2SA 3:12;2SA 3:16;2SA 3:17;2SA 3:19;2SA 3:20;2SA 3:21;2SA 3:22;2SA 3:23;2SA 3:24;2SA 3:25;2SA 3:26;2SA 3:27;2SA 3:28;2SA 3:30;2SA 3:31;2SA 3:32;2SA 3:33;2SA 3:37;2SA 3:38;2SA 4:1;2SA 4:12
Q132145387,1SA 14:50;1SA 14:51;1SA 26:5;1SA 26:14;2SA 2:8;2SA 2:12;2SA 3:23;2SA 3:25;2SA 3:28;2SA 3:37
Q390086,1SA 15:8;1SA 15:9;1SA 15:20;1SA 15:32;1SA 15:33
Q11903854,1SA 16:8;1SA 17:13;1SA 17:14;1SA 17:17;1SA 17:18;1SA 17:22;1CH 2:13
Q16130530,1SA 16:9;1SA 17:13;1SA 17:14;1SA 17:17;1SA 17:18;1SA 17:22;2SA 13:3;2SA 13:32;2SA 21:21;1CH 2:13
Q192785,1SA 17:4;1SA 17:8;1SA 17:23;1SA 17:24;1SA 17:25;1SA 17:41;1SA 17:42;1SA 17:43;1SA 17:45;1SA 17:48;1SA 17:49;1SA 17:50;1SA 17:51;1SA 17:54;1SA 17:55;1SA 17:57;1SA 18:6;1SA 19:5;1SA 21:9;1SA 22:10;2SA 21:19;1CH 20:5
Q96105737,1SA 17:13;1SA 17:14;1SA 17:17;1SA 17:18;1SA 17:22;1SA 17:28;1CH 2:13;2CH 11:18
Q2825091,1SA 18:19;2SA 21:8
Q400257,1SA 21:1;1SA 21:4;1SA 21:6;1SA 21:8;1SA 21:9;1SA 22:9;1SA 22:10;1SA 22:11;1SA 22:14;1SA 22:15;1SA 22:16;1SA 22:20;1SA 23:6;PSA 52:19
Q1234538,1SA 21:7;1SA 22:9;1SA 22:18;1SA 22:22;PSA 52:19
Q7041639,1SA 22:3
Q2559051,1SA 22:5;2SA 24:11;2SA 24:13;2SA 24:14;2SA 24:18;2SA 24:19;1CH 21:9;1CH 21:11;1CH 21:13;1CH 21:18;1CH 21:19;1CH 29:29
Q321804,1SA 22:20;1SA 22:21;1SA 22:22;1SA 23:6;1SA 23:9;1SA 30:7;2SA 15:24;2SA 15:27;2SA 15:29;2SA 15:35;2SA 15:36;2SA 17:15;2SA 19:11;2SA 20:25;1KI 1:7;1KI 1:19;1KI 1:25;1KI 1:42;1KI 2:22;1KI 2:26;1KI 2:27;1KI 2:35;1KI 4:4;1CH 15:11;1CH 18:16;1CH 24:6
Q1709507,1SA 25:2;1SA 25:3;1SA 25:4;1SA 25:5;1SA 25:9;1SA 25:10;1SA 25:14;1SA 25:17;1SA 25:19;1SA 25:21;1SA 25:22;1SA 25:25;1SA 25:26;1SA 25:34;1SA 25:36;1SA 25:37;1SA 25:38;1SA 25:39;1SA 27:3;1SA 30:5;2SA 2:2;2SA 3:3
Q4416778,1SA 25:3;1SA 25:14;1SA 25:18;1SA 25:20;1SA 25:23;1SA 25:24;1SA 25:25;1SA 25:27;1SA 25:31;1SA 25:32;1SA 25:36;1SA 25:37;1SA 25:39;1SA 25:40;1SA 25:41;1SA 25:42;1SA 25:43;1SA 27:3;1SA 30:5;1SA 30:18;2SA 2:2;2SA 3:3;1CH 3:1
Q400266,1SA 25:43;1SA 27:3;1SA 30:5;1SA 30:18;2SA 2:2;2SA 3:2;1CH 3:1
Q7128770,1SA 25:44;2SA 3:15;2SA 3:16
Q106096033,1SA 25:44;2SA 3:15
Q138720692,1SA 26:6
Q1154317,1SA 26:6;1SA 26:7;1SA 26:8;1SA 26:9;2SA 2:18;2SA 2:24;2SA 3:30;2SA 10:10;2SA 10:14;2SA 16:9;2SA 16:11;2SA 18:2;2SA 18:5;2SA 18:12;2SA 19:21;2SA 20:6;2SA 20:10;2SA 21:17;2SA 23:18;1CH 2:16;1CH 11:20;1CH 19:11;1CH 19:15
Q1141064,1SA 26:6;2SA 2:13;2SA 2:14;2SA 2:18;2SA 2:22;2SA 2:24;2SA 2:26;2SA 2:27;2SA 2:28;2SA 2:30;2SA 2:32;2SA 3:22;2SA 3:23;2SA 3:24;2SA 3:26;2SA 3:27;2SA 3:29;2SA 3:30;2SA 3:31;2SA 8:16;2SA 10:7;2SA 10:9;2SA 10:11;2SA 10:13;2SA 10:14;2SA 11:1;2SA 11:6;2SA 11:7;2SA 11:11;2SA 11:14;2SA 11:16;2SA 11:17;2SA 11:18;2SA 11:22;2SA 11:25;2SA 12:26;2SA 12:27;2SA 14:1;2SA 14:2;2SA 14:3;2SA 14:19;2SA 14:20;2SA 14:21;2SA 14:22;2SA 14:23;2SA 14:29;2SA 14:30;2SA 14:31;2SA 14:33;2SA 17:25;2SA 18:2;2SA 18:5;2SA 18:10;2SA 18:11;2SA 18:14;2SA 18:15;2SA 18:16;2SA 18:20;2SA 18:21;2SA 18:22;2SA 18:23;2SA 18:29;2SA 19:1;2SA 19:5;2SA 19:13;2SA 20:7;2SA 20:8;2SA 20:9;2SA 20:10;2SA 20:11;2SA 20:13;2SA 20:15;2SA 20:16;2SA 20:17;2SA 20:20;2SA 20:22;2SA 20:23;2SA 23:18;2SA 23:24;2SA 23:37;2SA 24:2;2SA 24:3;2SA 24:4;2SA 24:9;1KI 1:7;1KI 1:19;1KI 1:41;1KI 2:5;1KI 2:22;1KI 2:28;1KI 2:29;1KI 2:30;1KI 2:31;1KI 2:33;1KI 2:34;1KI 2:35;1KI 11:15;1KI 11:16;1KI 11:21;1CH 2:16;1CH 11:6;1CH 11:8;1CH 11:20;1CH 11:26;1CH 11:39;1CH 18:15;1CH 19:8;1CH 19:10;1CH 19:12;1CH 19:14;1CH 19:15;1CH 20:1;1CH 21:2;1CH 21:3;1CH 21:4;1CH 21:5;1CH 21:6;1CH 26:28;1CH 27:7;1CH 27:24;1CH 27:34;PSA 60:17
Q167185,1SA 27:2;1SA 27:3;1SA 27:5;1SA 27:6;1SA 27:9;1SA 27:12;1SA 28:1;1SA 28:2;1SA 29:2;1SA 29:3;1SA 29:4;1SA 29:6;1SA 29:8;1SA 29:9;1KI 2:39
Q125296348,1SA 27:2;1KI 2:39
Q1391553,1SA 28:7;1SA 28:8;1SA 28:9;1SA 28:11;1SA 28:12;1SA 28:13;1SA 28:21;1SA 28:22;1SA 28:23;1SA 28:24
Q6039896,1SA 31:2;1SA 31:6;1SA 31:7;1SA 31:8;1SA 31:12;1CH 8:33;1CH 9:39;1CH 10:2;1CH 10:6;1CH 10:8
Q313238,2SA 2:8;2SA 2:10;2SA 2:12;2SA 2:15;2SA 3:7;2SA 3:8;2SA 3:11;2SA 3:14;2SA 3:15;2SA 4:1;2SA 4:2;2SA 4:5;2SA 4:7;2SA 4:8;2SA 4:12;1CH 8:33;1CH 9:39
Q196771,2SA 2:13;2SA 2:18;2SA 3:39;2SA 8:16;2SA 14:1;2SA 16:9;2SA 16:10;2SA 17:25;2SA 18:2;2SA 19:21;2SA 19:22;2SA 21:17;2SA 23:18;2SA 23:37;1CH 2:16;1CH 11:6;1CH 11:39;1CH 18:12;1CH 18:15;1CH 26:28;1CH 27:24
Q2915076,2SA 2:18;2SA 2:20;2SA 2:21;2SA 2:22;2SA 2:23;2SA 2:30;2SA 2:32;2SA 3:27;2SA 3:30;2SA 23:24;1CH 2:16;1CH 11:26;1CH 27:7
Q361636,2SA 3:2;2SA 13:1;2SA 13:2;2SA 13:3;2SA 13:4;2SA 13:6;2SA 13:7;2SA 13:8;2SA 13:9;2SA 13:10;2SA 13:12;2SA 13:14;2SA 13:15;2SA 13:18;2SA 13:20;2SA 13:21;2SA 13:22;2SA 13:26;2SA 13:27;2SA 13:28;2SA 13:29;2SA 13:32;2SA 13:33;2SA 13:39;1CH 3:1
Q2418113,2SA 3:3
Q205372,2SA 3:3;2SA 13:1;2SA 13:4;2SA 13:20;2SA 13:22;2SA 13:23;2SA 13:24;2SA 13:25;2SA 13:26;2SA 13:27;2SA 13:28;2SA 13:29;2SA 13:30;2SA 13:32;2SA 13:34;2SA 13:37;2SA 13:38;2SA 13:39;2SA 14:1;2SA 14:13;2SA 14:21;2SA 14:23;2SA 14:24;2SA 14:25;2SA 14:27;2SA 14:28;2SA 14:29;2SA 14:30;2SA 14:31;2SA 14:32;2SA 14:33;2SA 15:1;2SA 15:2;2SA 15:3;2SA 15:5;2SA 15:6;2SA 15:7;2SA 15:9;2SA 15:10;2SA 15:11;2SA 15:12;2SA 15:13;2SA 15:14;2SA 15:19;2SA 15:31;2SA 15:34;2SA 15:35;2SA 15:37;2SA 16:8;2SA 16:11;2SA 16:15;2SA 16:16;2SA 16:17;2SA 16:19;2SA 16:20;2SA 16:22;2SA 16:23;2SA 17:1;2SA 17:4;2SA 17:5;2SA 17:6;2SA 17:9;2SA 17:14;2SA 17:15;2SA 17:18;2SA 17:20;2SA 17:24;2SA 17:25;2SA 17:26;2SA 18:5;2SA 18:9;2SA 18:10;2SA 18:12;2SA 18:14;2SA 18:15;2SA 18:17;2SA 18:18;2SA 18:20;2SA 18:29;2SA 18:32;2SA 18:33;2SA 19:1;2SA 19:2;2SA 19:4;2SA 19:6;2SA 19:9;2SA 19:10;2SA 20:6;1KI 2:7;1CH 3:2;PSA 3:12
Q11765188,2SA 3:3;1CH 3:2
Q33026733,2SA 3:3;2SA 13:37;1CH 3:2
Q360378,2SA 3:4;1KI 1:5;1KI 1:6;1KI 1:7;1KI 1:8;1KI 1:9;1KI 1:11;1KI 1:13;1KI 1:18;1KI 1:24;1KI 1:25;1KI 1:41;1KI 1:42;1KI 1:49;1KI 1:50;1KI 1:51;1KI 1:53;1KI 2:13;1KI 2:17;1KI 2:19;1KI 2:21;1KI 2:22;1KI 2:23;1KI 2:24;1KI 2:25;1KI 2:28;1CH 3:2
Q5638717,2SA 3:4;1KI 1:5;1KI 1:11;1KI 2:13;1CH 3:2
Q9351247,2SA 3:4;1CH 3:3
Q33026741,2SA 3:4;1CH 3:3
Q11727237,2SA 3:5;1CH 3:3
Q12630462,2SA 3:5;1CH 3:3
Q2899077,2SA 3:7;2SA 3:8;2SA 21:8;2SA 21:10;2SA 21:11
Q132154410,2SA 3:7;2SA 21:8;2SA 21:10;2SA 21:11
Q132166836,2SA 4:2;2SA 4:5;2SA 4:6;2SA 4:9;2SA 4:12
Q851686,2SA 4:4;2SA 9:3;2SA 9:6;2SA 9:8;2SA 9:9;2SA 9:10;2SA 9:11;2SA 9:12;2SA 9:13;2SA 16:1;2SA 16:3;2SA 16:4;2SA 19:24;2SA 19:25;2SA 19:27;2SA 19:28;2SA 19:30;2SA 21:7;2SA 21:8;1CH 8:34;1CH 9:40
Q467115,2SA 5:11;1KI 5:1;1KI 5:2;1KI 5:7;1KI 5:8;1KI 5:10;1KI 5:11;1KI 5:12;1KI 5:18;1KI 9:11;1KI 9:12;1KI 9:13;1KI 9:14;1KI 9:27;1KI 10:11;1CH 14:1;2CH 2:3;2CH 2:11;2CH 2:12;2CH 8:2;2CH 8:18;2CH 9:10;2CH 9:21
Q133263412,2SA 5:14;1CH 3:5;1CH 14:4
Q9352021,2SA 5:14;1CH 3:5;1CH 14:4
Q3437128,2SA 5:14;1CH 3:5;1CH 14:4;LUK 3:31
Q37085,2SA 5:14;2SA 12:24;1KI 1:10;1KI 1:11;1KI 1:12;1KI 1:13;1KI 1:17;1KI 1:19;1KI 1:21;1KI 1:26;1KI 1:30;1KI 1:33;1KI 1:34;1KI 1:37;1KI 1:38;1KI 1:39;1KI 1:43;1KI 1:44;1KI 1:46;1KI 1:47;1KI 1:50;1KI 1:51;1KI 1:52;1KI 1:53;1KI 2:1;1KI 2:12;1KI 2:13;1KI 2:15;1KI 2:17;1KI 2:18;1KI 2:19;1KI 2:20;1KI 2:22;1KI 2:23;1KI 2:25;1KI 2:27;1KI 2:29;1KI 2:30;1KI 2:31;1KI 2:35;1KI 2:36;1KI 2:41;1KI 2:42;1KI 2:44;1KI 2:45;1KI 2:46;1KI 3:1;1KI 3:3;1KI 3:4;1KI 3:5;1KI 3:6;1KI 3:7;1KI 3:8;1KI 3:9;1KI 3:10;1KI 3:15;1KI 3:16;1KI 3:22;1KI 3:23;1KI 3:24;1KI 3:25;1KI 3:26;1KI 3:27;1KI 3:28;1KI 4:1;1KI 4:5;1KI 4:7;1KI 4:11;1KI 4:15;1KI 4:21;1KI 4:22;1KI 4:24;1KI 4:25;1KI 4:26;1KI 4:27;1KI 4:29;1KI 4:30;1KI 4:32;1KI 4:34;1KI 5:1;1KI 5:2;1KI 5:7;1KI 5:8;1KI 5:10;1KI 5:11;1KI 5:12;1KI 5:13;1KI 5:15;1KI 5:17;1KI 5:18;1KI 6:1;1KI 6:2;1KI 6:5;1KI 6:9;1KI 6:11;1KI 6:14;1KI 6:19;1KI 6:21;1KI 6:31;1KI 6:36;1KI 6:37;1KI 7:1;1KI 7:6;1KI 7:8;1KI 7:13;1KI 7:14;1KI 7:40;1KI 7:45;1KI 7:46;1KI 7:47;1KI 7:48;1KI 7:51;1KI 8:1;1KI 8:2;1KI 8:5;1KI 8:12;1KI 8:22;1KI 8:54;1KI 8:59;1KI 8:62;1KI 8:63;1KI 8:64;1KI 8:65;1KI 8:66;1KI 9:1;1KI 9:10;1KI 9:11;1KI 9:12;1KI 9:13;1KI 9:14;1KI 9:15;1KI 9:16;1KI 9:17;1KI 9:19;1KI 9:21;1KI 9:22;1KI 9:23;1KI 9:24;1KI 9:25;1KI 9:26;1KI 9:27;1KI 9:28;1KI 10:1;1KI 10:2;1KI 10:3;1KI 10:4;1KI 10:6;1KI 10:10;1KI 10:12;1KI 10:13;1KI 10:14;1KI 10:16;1KI 10:17;1KI 10:18;1KI 10:21;1KI 10:22;1KI 10:23;1KI 10:24;1KI 10:26;1KI 10:27;1KI 10:28;1KI 11:1;1KI 11:2;1KI 11:4;1KI 11:5;1KI 11:6;1KI 11:7;1KI 11:9;1KI 11:10;1KI 11:11;1KI 11:14;1KI 11:23;1KI 11:25;1KI 11:26;1KI 11:27;1KI 11:28;1KI 11:31;1KI 11:33;1KI 11:34;1KI 11:40;1KI 11:41;1KI 11:42;1KI 11:43;1KI 12:2;1KI 12:4;1KI 12:6;1KI 12:9;1KI 12:10;1KI 12:11;1KI 12:14;1KI 12:21;1KI 12:23;1KI 14:21;1KI 14:26;2KI 21:7;2KI 23:13;2KI 24:13;2KI 25:16;1CH 3:5;1CH 3:10;1CH 6:10;1CH 14:4;1CH 18:8;1CH 22:5;1CH 22:6;1CH 22:7;1CH 22:9;1CH 22:10;1CH 22:11;1CH 23:1;1CH 28:5;1CH 28:6;1CH 28:9;1CH 28:11;1CH 28:20;1CH 29:1;1CH 29:19;1CH 29:20;1CH 29:22;1CH 29:23;1CH 29:24;1CH 29:25;1CH 29:28;2CH 1:1;2CH 1:2;2CH 1:3;2CH 1:5;2CH 1:6;2CH 1:7;2CH 1:8;2CH 1:11;2CH 1:13;2CH 1:14;2CH 1:16;2CH 2:1;2CH 2:3;2CH 2:11;2CH 2:17;2CH 2:18;2CH 3:1;2CH 3:2;2CH 3:3;2CH 4:11;2CH 4:16;2CH 4:18;2CH 4:19;2CH 5:1;2CH 5:2;2CH 5:6;2CH 6:1;2CH 6:3;2CH 6:12;2CH 6:13;2CH 7:1;2CH 7:4;2CH 7:5;2CH 7:7;2CH 7:8;2CH 7:10;2CH 7:11;2CH 8:1;2CH 8:2;2CH 8:3;2CH 8:6;2CH 8:8;2CH 8:9;2CH 8:10;2CH 8:11;2CH 8:12;2CH 8:14;2CH 8:15;2CH 8:16;2CH 8:17;2CH 8:18;2CH 9:1;2CH 9:2;2CH 9:3;2CH 9:5;2CH 9:9;2CH 9:10;2CH 9:12;2CH 9:13;2CH 9:14;2CH 9:15;2CH 9:16;2CH 9:17;2CH 9:20;2CH 9:21;2CH 9:22;2CH 9:23;2CH 9:25;2CH 9:27;2CH 9:28;2CH 9:29;2CH 9:30;2CH 9:31;2CH 10:2;2CH 10:4;2CH 10:6;2CH 10:9;2CH 10:10;2CH 10:11;2CH 10:14;2CH 11:3;2CH 11:17;2CH 12:9;2CH 13:6;2CH 13:7;2CH 30:26;2CH 33:7;2CH 35:3;2CH 35:4;EZR 2:55;EZR 2:58;NEH 7:57;NEH 7:60;NEH 11:3;NEH 12:45;NEH 13:26;PSA 72:24;PSA 127:6;PRO 1:1;PRO 10:1;PRO 25:1;SNG 1:1;SNG 1:5;SNG 3:7;SNG 3:9;SNG 3:11;SNG 8:11;SNG 8:12;JER 52:20;MAT 1:6;MAT 1:7;MAT 12:42;LUK 11:31;ACT 3:11;ACT 5:12;ACT 7:47
Q5984013,2SA 5:15;1CH 3:6;1CH 14:5
Q132170354,2SA 5:15;1CH 3:6;1CH 14:5
Q133258642,2SA 5:15;1CH 3:7;1CH 14:6
Q128310030,2SA 5:15;1CH 3:7;1CH 14:6
Q18246454,2SA 5:16
Q9252681,2SA 5:16;1CH 3:8;1CH 14:7
Q132170591,2SA 5:16;1CH 3:6;1CH 14:7
Q4331914,2SA 6:3;2SA 6:6;2SA 6:7;2SA 6:8;1CH 13:7;1CH 13:9;1CH 13:10;1CH 13:11
Q138713515,2SA 6:3;2SA 6:4;1CH 13:7
Q97171041,2SA 6:6;1CH 13:9
Q319116,2SA 7:2;2SA 7:3;2SA 7:4;2SA 7:17;2SA 12:1;2SA 12:5;2SA 12:7;2SA 12:13;2SA 12:15;2SA 12:25;1KI 1:8;1KI 1:10;1KI 1:11;1KI 1:22;1KI 1:23;1KI 1:24;1KI 1:27;1KI 1:32;1KI 1:34;1KI 1:38;1KI 1:44;1KI 1:45;1CH 2:36;1CH 17:1;1CH 17:2;1CH 17:3;1CH 17:15;1CH 29:29;2CH 9:29;PSA 51:23
Q97172306,2SA 8:3;2SA 8:12;2SA 10:8
Q7828518,2SA 8:9;2SA 8:10;1CH 18:9;1CH 18:10
Q124098203,2SA 8:10;1CH 18:10
Q20502574,2SA 8:16;2SA 20:24;1KI 4:3
Q132156345,2SA 8:16;2SA 20:24;1KI 4:3
Q140100,2SA 8:17;2SA 15:24;2SA 15:25;2SA 15:27;2SA 15:29;2SA 15:35;2SA 15:36;2SA 17:15;2SA 18:19;2SA 18:22;2SA 18:27;2SA 19:11;2SA 20:25;1KI 1:8;1KI 1:26;1KI 1:32;1KI 1:34;1KI 1:38;1KI 1:39;1KI 1:44;1KI 1:45;1KI 2:35;1KI 4:2;1KI 4:4;1CH 6:8;1CH 6:53;1CH 15:11;1CH 16:39;1CH 18:16;1CH 24:3;1CH 24:6;1CH 24:31;1CH 27:17;1CH 29:22
Q109376137,2SA 8:17;1CH 6:7;1CH 6:8;1CH 6:52;1CH 18:16
Q124385844,2SA 8:17
Q816667,2SA 8:18;2SA 20:23;2SA 23:20;2SA 23:21;2SA 23:22;1KI 1:8;1KI 1:10;1KI 1:26;1KI 1:32;1KI 1:36;1KI 1:38;1KI 1:44;1KI 2:25;1KI 2:29;1KI 2:30;1KI 2:34;1KI 2:35;1KI 2:46;1KI 4:4;1CH 11:22;1CH 11:23;1CH 11:24;1CH 18:17;1CH 27:5;1CH 27:6
Q124375125,2SA 8:18;2SA 20:23;2SA 23:20;2SA 23:22;1KI 1:8;1KI 1:26;1KI 1:32;1KI 1:36;1KI 1:38;1KI 1:44;1KI 2:25;1KI 2:29;1KI 2:34;1KI 2:35;1KI 2:46;1KI 4:4;1CH 11:22;1CH 11:24;1CH 18:17;1CH 27:5
Q8071402,2SA 9:2;2SA 9:3;2SA 9:4;2SA 9:9;2SA 9:10;2SA 9:11;2SA 9:12;2SA 16:1;2SA 16:2;2SA 16:3;2SA 16:4;2SA 19:17;2SA 19:26;2SA 19:29;2SA 19:30
Q18222843,2SA 9:4;2SA 9:5;2SA 17:27
Q125912709,2SA 9:4;2SA 9:5;2SA 17:27
Q3334052,2SA 10:1;2SA 10:2;2SA 10:3;2SA 10:4;1CH 19:1;1CH 19:2;1CH 19:3;1CH 19:4;1CH 19:6
Q133264893,2SA 10:16;2SA 10:18;1CH 19:16
Q272277,2SA 11:2;2SA 11:3;2SA 11:5;2SA 11:11;2SA 11:26;2SA 11:27;2SA 12:9;2SA 12:10;2SA 12:24;1KI 1:11;1KI 1:13;1KI 1:15;1KI 1:16;1KI 1:17;1KI 1:22;1KI 1:28;1KI 1:31;1KI 2:13;1KI 2:18;1KI 2:19;1KI 2:20;1KI 2:21;1KI 2:22;1CH 3:5;PSA 51:23;SNG 3:11;MAT 1:6
Q13408496,2SA 11:3;1CH 3:5
Q71267,2SA 11:3;2SA 11:6;2SA 11:7;2SA 11:8;2SA 11:9;2SA 11:10;2SA 11:11;2SA 11:12;2SA 11:13;2SA 11:14;2SA 11:15;2SA 11:16;2SA 11:17;2SA 11:21;2SA 11:24;2SA 11:26;2SA 12:9;2SA 12:10;2SA 12:15;2SA 23:39;1KI 15:5;1CH 11:41;MAT 1:6
Q2917173,2SA 13:1;2SA 13:2;2SA 13:4;2SA 13:5;2SA 13:6;2SA 13:7;2SA 13:8;2SA 13:10;2SA 13:11;2SA 13:15;2SA 13:17;2SA 13:18;2SA 13:19;2SA 13:20;2SA 13:22;2SA 13:32;1CH 3:9
Q6271831,2SA 13:3;2SA 13:5;2SA 13:32;2SA 13:35
Q132155850,2SA 13:37
Q14561411,2SA 14:2;2SA 14:4;2SA 14:6;2SA 14:7;2SA 14:8;2SA 14:9;2SA 14:12;2SA 14:13;2SA 14:15;2SA 14:16;2SA 14:17;2SA 14:18;2SA 14:19
Q30148909,2SA 14:27
Q400294,2SA 15:12;2SA 15:31;2SA 15:34;2SA 16:15;2SA 16:20;2SA 16:21;2SA 16:23;2SA 17:1;2SA 17:6;2SA 17:7;2SA 17:14;2SA 17:15;2SA 17:21;2SA 17:23;2SA 23:34;1CH 27:33;1CH 27:34
Q11714286,2SA 15:19;2SA 15:21;2SA 15:22;2SA 18:2;2SA 18:5;2SA 18:12
Q2904547,2SA 15:27;2SA 15:36;2SA 17:17;2SA 17:20;2SA 17:21;2SA 18:19;2SA 18:22;2SA 18:23;2SA 18:27;2SA 18:28;2SA 18:29;1CH 6:8;1CH 6:9;1CH 6:53
Q20502598,2SA 15:27;2SA 15:36;2SA 17:17;2SA 17:20;2SA 17:21;1KI 1:42;1KI 1:43
Q5949258,2SA 15:32;2SA 15:37;2SA 16:16;2SA 16:18;2SA 17:5;2SA 17:6;2SA 17:7;2SA 17:14;2SA 17:15;1KI 4:16;1CH 27:33
Q6978950,2SA 16:5;2SA 16:7;2SA 16:9;2SA 16:13;2SA 19:16;2SA 19:18;2SA 19:19;2SA 19:20;2SA 19:21;2SA 19:23;1KI 2:8
Q123121449,2SA 16:5;2SA 19:16;2SA 19:18;1KI 2:8
Q2689456,2SA 17:25;2SA 19:13;2SA 20:4;2SA 20:5;2SA 20:8;2SA 20:9;2SA 20:10;2SA 20:11;2SA 20:12;2SA 20:13;1CH 2:17
Q133259093,2SA 17:25
Q139883971,2SA 17:27
Q6710215,2SA 17:27;2SA 19:31;2SA 19:32;2SA 19:33;2SA 19:34;2SA 19:35;2SA 19:36;2SA 19:37;2SA 19:39;1KI 2:7;EZR 2:61;NEH 7:63
Q30526936,2SA 19:37;2SA 19:38;2SA 19:40
Q2627537,2SA 20:1;2SA 20:2;2SA 20:6;2SA 20:7;2SA 20:10;2SA 20:13;2SA 20:14;2SA 20:15;2SA 20:21;2SA 20:22
Q106079707,2SA 20:1;2SA 20:2;2SA 20:6;2SA 20:7;2SA 20:10;2SA 20:13;2SA 20:21;2SA 20:22
Q8027483,2SA 20:16;2SA 20:17;2SA 20:18;2SA 20:21;2SA 20:22
Q4057937,2SA 20:24;1KI 4:6;1KI 12:18
Q133265025,2SA 20:25;1CH 18:16
Q40326679,2SA 21:8
Q140047278,2SA 21:8
Q120758253,2SA 21:16
Q2131345,2SA 21:16;2SA 21:18;2SA 21:20;2SA 21:22;1CH 20:6;1CH 20:8
Q133268748,2SA 21:18;1CH 27:11
Q140420066,2SA 21:18
Q5360135,2SA 21:19
Q133256890,2SA 21:19
Q125482653,2SA 23:8
Q5354450,2SA 23:9;2SA 23:10;1CH 11:12;1CH 11:14
Q134699442,2SA 23:9
Q10367361,2SA 23:11;2SA 23:12;2SA 23:25
Q132157007,2SA 23:11
Q140488443,2SA 23:25
Q132165535,2SA 23:26;1CH 11:28;1CH 27:9
Q125478944,2SA 23:27;1CH 11:28;1CH 27:12
Q133269048,2SA 23:28;1CH 11:29
Q65303361,2SA 23:28;1CH 11:30;1CH 27:13
Q65303210,2SA 23:29;1CH 11:30
Q132166874,2SA 23:29;1CH 11:30
Q65303236,2SA 23:29;1CH 11:31
Q133263354,2SA 23:29;1CH 11:31
Q140254618,2SA 23:30;1CH 11:31;1CH 27:14
Q65303219,2SA 23:30;1CH 11:32
Q65302924,2SA 23:31;1CH 11:32
Q65302982,2SA 23:31;1CH 11:33
Q63555948,2SA 23:32;1CH 11:33
Q133257574,2SA 23:32;1CH 11:34
Q140289784,2SA 23:33;1CH 11:27
Q65302941,2SA 23:33;1CH 11:35
Q140288237,2SA 23:33;1CH 11:35
Q65303128,2SA 23:34
Q8183672,2SA 23:34
Q65303121,2SA 23:34
Q132166507,2SA 23:35;1CH 11:37
Q65303500,2SA 23:35
Q20788369,2SA 23:36
Q65302996,2SA 23:36
Q133269074,2SA 23:37;1CH 11:39
Q62029455,2SA 23:37;1CH 11:39
Q124315798,2SA 23:38;1CH 11:40
Q2910439,2SA 24:16;2SA 24:18;2SA 24:20;2SA 24:21;2SA 24:22;2SA 24:23;1CH 21:15;1CH 21:18;1CH 21:20;1CH 21:21;1CH 21:22;1CH 21:23;1CH 21:25;1CH 21:28;2CH 3:1
Q321469,1KI 1:3;1KI 1:4;1KI 1:15;1KI 2:17;1KI 2:21;1KI 2:22
Q133445157,1KI 1:8
Q7180687,1KI 3:1;1KI 7:8;1KI 9:16;1KI 9:24;1KI 11:1;2CH 8:11
Q114905766,1KI 4:2
Q133306277,1KI 4:3
Q124554205,1KI 4:3
Q133446358,1KI 4:3
Q139393705,1KI 4:5
Q135409140,1KI 4:5
Q133271521,1KI 4:6
Q123121734,1KI 4:6
Q133275527,1KI 4:8
Q133306533,1KI 4:8
Q133300641,1KI 4:9
Q133301315,1KI 4:9
Q133305413,1KI 4:10
Q133305434,1KI 4:10
Q140235999,1KI 4:11
Q9355142,1KI 4:11
Q139587497,1KI 4:12
Q132156462,1KI 4:12
Q133311031,1KI 4:13
Q133311044,1KI 4:13
Q4695120,1KI 4:14
Q138720643,1KI 4:15
Q9166659,1KI 4:15
Q139587667,1KI 4:16
Q139973134,1KI 4:18
Q139488721,1KI 4:19
Q1370913,1KI 4:31;1CH 2:6;PSA 89:18
Q123136728,1KI 4:31;1CH 2:6
Q123136730,1KI 4:31;1CH 2:6
Q123136734,1KI 4:31;1CH 2:6
Q2415069,1KI 4:31
Q108422651,1KI 7:13;1KI 7:14;1KI 7:40;1KI 7:45;2CH 2:13;2CH 4:11;2CH 4:16
Q159888,1KI 10:1;1KI 10:4;1KI 10:10;1KI 10:13;2CH 9:1;2CH 9:3;2CH 9:9;2CH 9:12;MAT 12:42;LUK 11:31
Q5637555,1KI 11:14;1KI 11:17;1KI 11:18;1KI 11:19;1KI 11:20;1KI 11:21;1KI 11:22;1KI 11:25
Q123126111,1KI 11:19;1KI 11:20
Q12058221,1KI 11:19;1KI 11:20
Q9266968,1KI 11:20
Q13589419,1KI 11:23;1KI 11:24;1KI 11:25
Q313219,1KI 11:26;1KI 11:28;1KI 11:29;1KI 11:31;1KI 11:40;1KI 12:2;1KI 12:3;1KI 12:12;1KI 12:15;1KI 12:20;1KI 12:25;1KI 12:26;1KI 12:31;1KI 12:32;1KI 12:33;1KI 13:1;1KI 13:4;1KI 13:6;1KI 13:7;1KI 13:11;1KI 13:33;1KI 13:34;1KI 14:1;1KI 14:2;1KI 14:4;1KI 14:5;1KI 14:6;1KI 14:7;1KI 14:10;1KI 14:11;1KI 14:13;1KI 14:14;1KI 14:16;1KI 14:17;1KI 14:19;1KI 14:20;1KI 14:30;1KI 15:1;1KI 15:6;1KI 15:7;1KI 15:9;1KI 15:25;1KI 15:26;1KI 15:29;1KI 15:30;1KI 15:34;1KI 16:2;1KI 16:3;1KI 16:7;1KI 16:19;1KI 16:26;1KI 16:31;1KI 21:22;1KI 22:52;2KI 3:3;2KI 9:9;2KI 10:29;2KI 10:31;2KI 13:2;2KI 13:6;2KI 13:11;2KI 14:24;2KI 15:9;2KI 15:18;2KI 15:24;2KI 15:28;2KI 17:21;2KI 17:22;2KI 23:15;2CH 9:29;2CH 10:2;2CH 10:3;2CH 10:12;2CH 10:15;2CH 11:4;2CH 11:14;2CH 11:15;2CH 12:15;2CH 13:1;2CH 13:2;2CH 13:3;2CH 13:4;2CH 13:6;2CH 13:8;2CH 13:13;2CH 13:15;2CH 13:19;2CH 13:20
Q26835883,1KI 11:26;1KI 12:2;1KI 12:15;1KI 15:1;1KI 16:3;1KI 16:26;1KI 16:31;1KI 21:22;1KI 22:52;2KI 3:3;2KI 9:9;2KI 10:29;2KI 13:2;2KI 13:11;2KI 14:24;2KI 15:9;2KI 15:18;2KI 15:24;2KI 15:28;2KI 17:21;2KI 23:15;2CH 9:29;2CH 10:2;2CH 10:15;2CH 13:6
Q8069663,1KI 11:26
Q2590260,1KI 11:29;1KI 11:30;1KI 12:15;1KI 14:2;1KI 14:4;1KI 14:5;1KI 14:6;1KI 14:18;1KI 15:29;2CH 9:29;2CH 10:15
Q211663,1KI 11:35;1KI 11:36;1KI 11:43;1KI 12:1;1KI 12:3;1KI 12:5;1KI 12:6;1KI 12:8;1KI 12:12;1KI 12:13;1KI 12:15;1KI 12:16;1KI 12:17;1KI 12:18;1KI 12:21;1KI 12:23;1KI 12:27;1KI 12:28;1KI 14:21;1KI 14:25;1KI 14:27;1KI 14:28;1KI 14:29;1KI 14:30;1KI 14:31;1KI 15:3;1KI 15:6;1CH 3:10;2CH 9:31;2CH 10:1;2CH 10:3;2CH 10:5;2CH 10:6;2CH 10:8;2CH 10:12;2CH 10:13;2CH 10:15;2CH 10:16;2CH 10:17;2CH 10:18;2CH 11:1;2CH 11:3;2CH 11:5;2CH 11:13;2CH 11:17;2CH 11:18;2CH 11:21;2CH 11:22;2CH 11:23;2CH 12:1;2CH 12:2;2CH 12:5;2CH 12:6;2CH 12:10;2CH 12:11;2CH 12:12;2CH 12:13;2CH 12:14;2CH 12:15;2CH 12:16;2CH 13:7;MAT 1:7
Q7499062,1KI 11:40;1KI 14:25;2CH 12:2;2CH 12:5;2CH 12:7;2CH 12:9
Q2090113,1KI 12:22
Q25491054,1KI 13:1;1KI 13:3;1KI 13:4;1KI 13:5;1KI 13:6;1KI 13:7;1KI 13:8;1KI 13:10;1KI 13:11;1KI 13:12;1KI 13:14;1KI 13:15;1KI 13:19;1KI 13:21;1KI 13:23;1KI 13:26;1KI 13:29;1KI 13:31
Q313228,1KI 13:2;2KI 21:24;2KI 21:26;2KI 22:1;2KI 22:3;2KI 22:15;2KI 22:18;2KI 22:20;2KI 23:1;2KI 23:3;2KI 23:4;2KI 23:5;2KI 23:8;2KI 23:11;2KI 23:12;2KI 23:13;2KI 23:16;2KI 23:17;2KI 23:18;2KI 23:19;2KI 23:21;2KI 23:23;2KI 23:24;2KI 23:25;2KI 23:28;2KI 23:29;2KI 23:30;2KI 23:34;1CH 3:14;1CH 3:15;2CH 33:25;2CH 34:1;2CH 34:3;2CH 34:6;2CH 34:8;2CH 34:16;2CH 34:18;2CH 34:19;2CH 34:20;2CH 34:22;2CH 34:23;2CH 34:24;2CH 34:26;2CH 34:28;2CH 34:29;2CH 34:31;2CH 34:33;2CH 35:1;2CH 35:3;2CH 35:7;2CH 35:10;2CH 35:16;2CH 35:18;2CH 35:19;2CH 35:20;2CH 35:21;2CH 35:22;2CH 35:23;2CH 35:24;2CH 35:25;2CH 35:26;2CH 36:1;JER 1:2;JER 1:3;JER 3:6;JER 22:11;JER 22:18;JER 25:1;JER 25:3;JER 26:1;JER 27:1;JER 35:1;JER 36:1;JER 36:2;JER 36:9;JER 37:1;JER 45:1;JER 46:2;ZEP 1:1;MAT 1:10;MAT 1:11
Q6817157,1KI 14:1;1KI 14:5;1KI 14:17
Q18510709,1KI 14:2;1KI 14:4;1KI 14:5;1KI 14:6;1KI 14:17
Q313223,1KI 14:20;1KI 15:25;1KI 15:27;1KI 15:28;1KI 15:31
Q865263,1KI 14:21;1KI 14:31;2CH 12:13
Q273517,1KI 14:31;1KI 15:1;1KI 15:3;1KI 15:6;1KI 15:7;1KI 15:8;1CH 3:10;2CH 11:20;2CH 11:22;2CH 12:16;2CH 13:1;2CH 13:2;2CH 13:3;2CH 13:4;2CH 13:15;2CH 13:17;2CH 13:19;2CH 13:20;2CH 13:21;2CH 13:22;2CH 14:1;2CH 15:18;MAT 1:7
Q2903509,1KI 15:2;1KI 15:10;1KI 15:13;2CH 11:20;2CH 11:21;2CH 11:22;2CH 13:2
Q313415,1KI 15:8;1KI 15:9;1KI 15:11;1KI 15:13;1KI 15:14;1KI 15:16;1KI 15:17;1KI 15:18;1KI 15:20;1KI 15:22;1KI 15:23;1KI 15:24;1KI 15:25;1KI 15:28;1KI 15:32;1KI 15:33;1KI 16:8;1KI 16:10;1KI 16:15;1KI 16:23;1KI 16:29;1KI 22:41;1KI 22:43;1KI 22:46;1CH 3:10;2CH 14:1;2CH 14:2;2CH 14:6;2CH 14:8;2CH 14:10;2CH 14:11;2CH 14:12;2CH 14:13;2CH 15:2;2CH 15:8;2CH 15:10;2CH 15:16;2CH 15:17;2CH 15:19;2CH 16:1;2CH 16:2;2CH 16:4;2CH 16:6;2CH 16:7;2CH 16:10;2CH 16:11;2CH 16:12;2CH 16:13;2CH 17:1;2CH 17:2;2CH 20:32;2CH 21:12;JER 41:9;MAT 1:7;MAT 1:8
Q313224,1KI 15:16;1KI 15:17;1KI 15:19;1KI 15:21;1KI 15:22;1KI 15:27;1KI 15:28;1KI 15:29;1KI 15:32;1KI 15:33;1KI 15:34;1KI 16:1;1KI 16:3;1KI 16:4;1KI 16:5;1KI 16:6;1KI 16:7;1KI 16:8;1KI 16:11;1KI 16:12;1KI 16:13;1KI 20:34;1KI 21:22;2KI 9:9;2CH 16:1;2CH 16:3;2CH 16:5;2CH 16:6;JER 41:9
Q816397,1KI 15:18;1KI 15:20;1KI 20:34;2CH 16:2;2CH 16:4;2CH 16:7
Q6202803,1KI 15:18
Q5750060,1KI 15:18
Q126689,1KI 15:24;1KI 22:2;1KI 22:4;1KI 22:5;1KI 22:7;1KI 22:8;1KI 22:10;1KI 22:18;1KI 22:29;1KI 22:30;1KI 22:32;1KI 22:41;1KI 22:42;1KI 22:43;1KI 22:44;1KI 22:45;1KI 22:48;1KI 22:49;1KI 22:50;1KI 22:51;2KI 1:17;2KI 3:1;2KI 3:7;2KI 3:9;2KI 3:10;2KI 3:11;2KI 3:12;2KI 3:13;2KI 3:14;2KI 3:21;2KI 3:23;2KI 8:16;2KI 12:18;1CH 3:10;2CH 17:1;2CH 17:3;2CH 17:7;2CH 17:10;2CH 17:11;2CH 17:12;2CH 17:19;2CH 18:1;2CH 18:3;2CH 18:4;2CH 18:6;2CH 18:7;2CH 18:9;2CH 18:17;2CH 18:28;2CH 18:29;2CH 18:31;2CH 19:1;2CH 19:2;2CH 19:4;2CH 19:8;2CH 19:11;2CH 20:1;2CH 20:2;2CH 20:3;2CH 20:5;2CH 20:15;2CH 20:18;2CH 20:20;2CH 20:21;2CH 20:25;2CH 20:27;2CH 20:30;2CH 20:31;2CH 20:32;2CH 20:34;2CH 20:35;2CH 20:37;2CH 21:1;2CH 21:2;2CH 21:4;2CH 21:12;2CH 21:13;2CH 22:9;MAT 1:8
Q114841071,1KI 15:27;1KI 15:33;1KI 21:22;2KI 9:9
Q1686571,1KI 16:1;1KI 16:7;1KI 16:12;2CH 19:2
Q10293838,1KI 16:1;1KI 16:7;2CH 19:2;2CH 20:34
Q319020,1KI 16:6;1KI 16:8;1KI 16:9;1KI 16:10;1KI 16:13;1KI 16:14;1KI 16:16
Q138912203,1KI 16:9
Q313230,1KI 16:9;1KI 16:10;1KI 16:11;1KI 16:12;1KI 16:15;1KI 16:16;1KI 16:18;1KI 16:20;2KI 9:31
Q313221,1KI 16:16;1KI 16:17;1KI 16:21;1KI 16:22;1KI 16:23;1KI 16:25;1KI 16:27;1KI 16:28;1KI 16:29;1KI 16:30;2KI 8:26;2CH 22:2;MIC 6:16
Q887994,1KI 16:21;1KI 16:22
Q114906247,1KI 16:21;1KI 16:22
Q133454476,1KI 16:24
Q235901,1KI 16:28;1KI 16:29;1KI 16:30;1KI 16:32;1KI 16:33;1KI 16:34;1KI 17:1;1KI 18:1;1KI 18:2;1KI 18:3;1KI 18:5;1KI 18:6;1KI 18:9;1KI 18:10;1KI 18:12;1KI 18:15;1KI 18:16;1KI 18:17;1KI 18:20;1KI 18:41;1KI 18:42;1KI 18:44;1KI 18:45;1KI 18:46;1KI 19:1;1KI 20:2;1KI 20:4;1KI 20:7;1KI 20:9;1KI 20:10;1KI 20:11;1KI 20:13;1KI 20:14;1KI 20:15;1KI 20:21;1KI 20:22;1KI 20:28;1KI 20:31;1KI 20:32;1KI 20:33;1KI 20:34;1KI 20:38;1KI 20:39;1KI 20:40;1KI 20:41;1KI 20:42;1KI 20:43;1KI 21:1;1KI 21:2;1KI 21:4;1KI 21:6;1KI 21:8;1KI 21:10;1KI 21:13;1KI 21:15;1KI 21:16;1KI 21:18;1KI 21:20;1KI 21:21;1KI 21:24;1KI 21:25;1KI 21:27;1KI 21:29;1KI 22:2;1KI 22:4;1KI 22:5;1KI 22:6;1KI 22:8;1KI 22:9;1KI 22:10;1KI 22:12;1KI 22:13;1KI 22:15;1KI 22:16;1KI 22:18;1KI 22:20;1KI 22:26;1KI 22:27;1KI 22:29;1KI 22:30;1KI 22:31;1KI 22:32;1KI 22:33;1KI 22:34;1KI 22:35;1KI 22:37;1KI 22:38;1KI 22:39;1KI 22:40;1KI 22:41;1KI 22:44;1KI 22:49;1KI 22:51;1KI 22:52;1KI 22:53;2KI 1:1;2KI 3:1;2KI 3:2;2KI 3:5;2KI 8:16;2KI 8:18;2KI 8:25;2KI 8:27;2KI 8:28;2KI 8:29;2KI 9:7;2KI 9:8;2KI 9:9;2KI 9:25;2KI 9:29;2KI 10:1;2KI 10:2;2KI 10:3;2KI 10:6;2KI 10:7;2KI 10:8;2KI 10:10;2KI 10:11;2KI 10:13;2KI 10:17;2KI 10:18;2KI 10:30;2KI 21:3;2KI 21:13;2CH 18:1;2CH 18:2;2CH 18:3;2CH 18:4;2CH 18:5;2CH 18:7;2CH 18:8;2CH 18:9;2CH 18:11;2CH 18:12;2CH 18:14;2CH 18:15;2CH 18:17;2CH 18:19;2CH 18:25;2CH 18:26;2CH 18:28;2CH 18:29;2CH 18:30;2CH 18:31;2CH 18:32;2CH 18:33;2CH 18:34;2CH 21:6;2CH 21:13;2CH 22:3;2CH 22:4;2CH 22:5;2CH 22:6;2CH 22:7;2CH 22:8;MIC 6:16
Q721295,1KI 16:31;1KI 18:4;1KI 18:13;1KI 18:19;1KI 19:1;1KI 19:2;1KI 21:5;1KI 21:7;1KI 21:8;1KI 21:11;1KI 21:14;1KI 21:15;1KI 21:23;1KI 21:25;1KI 22:52;2KI 3:2;2KI 9:7;2KI 9:10;2KI 9:22;2KI 9:30;2KI 9:34;2KI 9:36;2KI 9:37;2KI 10:13
Q1277966,1KI 16:31
Q65176077,1KI 16:34
Q114008399,1KI 16:34
Q16258370,1KI 16:34
Q133507,1KI 17:1;1KI 17:2;1KI 17:5;1KI 17:8;1KI 17:10;1KI 17:13;1KI 17:15;1KI 17:16;1KI 17:18;1KI 17:19;1KI 17:22;1KI 17:23;1KI 17:24;1KI 18:1;1KI 18:2;1KI 18:7;1KI 18:8;1KI 18:11;1KI 18:14;1KI 18:15;1KI 18:16;1KI 18:17;1KI 18:18;1KI 18:21;1KI 18:22;1KI 18:25;1KI 18:27;1KI 18:30;1KI 18:31;1KI 18:32;1KI 18:36;1KI 18:40;1KI 18:41;1KI 18:42;1KI 18:43;1KI 18:44;1KI 18:46;1KI 19:1;1KI 19:2;1KI 19:3;1KI 19:9;1KI 19:13;1KI 19:19;1KI 19:20;1KI 19:21;1KI 21:17;1KI 21:20;1KI 21:28;2KI 1:3;2KI 1:4;2KI 1:8;2KI 1:9;2KI 1:10;2KI 1:11;2KI 1:12;2KI 1:13;2KI 1:15;2KI 1:16;2KI 1:17;2KI 2:1;2KI 2:2;2KI 2:4;2KI 2:6;2KI 2:7;2KI 2:8;2KI 2:9;2KI 2:10;2KI 2:11;2KI 2:12;2KI 2:13;2KI 2:14;2KI 2:15;2KI 2:16;2KI 2:17;2KI 3:11;2KI 9:36;2KI 10:10;2KI 10:17;MAL 4:5;MAT 11:14;MAT 16:14;MAT 17:3;MAT 17:4;MAT 17:10;MAT 17:11;MAT 17:12;MAT 27:47;MAT 27:49;MRK 6:15;MRK 8:28;MRK 9:4;MRK 9:5;MRK 9:11;MRK 9:12;MRK 9:13;MRK 15:35;MRK 15:36;LUK 1:17;LUK 4:25;LUK 4:26;LUK 9:8;LUK 9:19;LUK 9:30;LUK 9:32;LUK 9:33;JHN 1:21;JHN 1:25;ROM 11:2
Q6605722,1KI 17:9;1KI 17:10;1KI 17:17;1KI 17:18;1KI 17:20;1KI 17:23;1KI 17:24;LUK 4:26
Q7074556,1KI 18:3;1KI 18:4;1KI 18:5;1KI 18:6;1KI 18:7;1KI 18:9;1KI 18:12;1KI 18:16
Q127170,1KI 19:15;1KI 19:17;2KI 8:8;2KI 8:9;2KI 8:11;2KI 8:12;2KI 8:13;2KI 8:14;2KI 8:15;2KI 8:28;2KI 8:29;2KI 9:14;2KI 9:15;2KI 10:32;2KI 12:17;2KI 12:18;2KI 13:3;2KI 13:4;2KI 13:7;2KI 13:22;2KI 13:24;2KI 13:25;2CH 22:5;2CH 22:6;AMO 1:4
Q313225,1KI 19:16;1KI 19:17;2KI 9:2;2KI 9:5;2KI 9:6;2KI 9:11;2KI 9:12;2KI 9:13;2KI 9:14;2KI 9:15;2KI 9:16;2KI 9:17;2KI 9:18;2KI 9:19;2KI 9:20;2KI 9:21;2KI 9:22;2KI 9:24;2KI 9:25;2KI 9:27;2KI 9:30;2KI 9:31;2KI 9:33;2KI 9:34;2KI 9:36;2KI 10:1;2KI 10:5;2KI 10:6;2KI 10:7;2KI 10:8;2KI 10:9;2KI 10:11;2KI 10:12;2KI 10:13;2KI 10:14;2KI 10:15;2KI 10:17;2KI 10:18;2KI 10:19;2KI 10:20;2KI 10:21;2KI 10:22;2KI 10:23;2KI 10:24;2KI 10:25;2KI 10:28;2KI 10:30;2KI 10:31;2KI 10:34;2KI 10:35;2KI 10:36;2KI 12:1;2KI 13:1;2KI 14:8;2KI 15:12;2CH 22:7;2CH 22:8;2CH 22:9;2CH 25:17;HOS 1:4
Q206238,1KI 19:16;1KI 19:17;1KI 19:19;1KI 19:20;1KI 19:21;2KI 2:1;2KI 2:2;2KI 2:3;2KI 2:4;2KI 2:5;2KI 2:6;2KI 2:7;2KI 2:9;2KI 2:12;2KI 2:13;2KI 2:14;2KI 2:15;2KI 2:16;2KI 2:18;2KI 2:19;2KI 2:21;2KI 2:22;2KI 2:23;2KI 2:25;2KI 3:11;2KI 3:13;2KI 3:14;2KI 3:15;2KI 4:1;2KI 4:2;2KI 4:3;2KI 4:7;2KI 4:8;2KI 4:11;2KI 4:13;2KI 4:15;2KI 4:16;2KI 4:17;2KI 4:21;2KI 4:22;2KI 4:25;2KI 4:27;2KI 4:29;2KI 4:31;2KI 4:32;2KI 4:34;2KI 4:35;2KI 4:36;2KI 4:38;2KI 4:41;2KI 4:42;2KI 4:43;2KI 5:3;2KI 5:8;2KI 5:9;2KI 5:10;2KI 5:13;2KI 5:14;2KI 5:15;2KI 5:16;2KI 5:19;2KI 5:20;2KI 5:22;2KI 5:25;2KI 5:26;2KI 6:1;2KI 6:2;2KI 6:4;2KI 6:5;2KI 6:6;2KI 6:9;2KI 6:10;2KI 6:12;2KI 6:13;2KI 6:15;2KI 6:16;2KI 6:17;2KI 6:18;2KI 6:19;2KI 6:20;2KI 6:21;2KI 6:31;2KI 6:32;2KI 6:33;2KI 7:1;2KI 7:2;2KI 7:17;2KI 7:18;2KI 7:19;2KI 8:1;2KI 8:2;2KI 8:4;2KI 8:5;2KI 8:7;2KI 8:8;2KI 8:9;2KI 8:10;2KI 8:11;2KI 8:12;2KI 8:13;2KI 8:14;2KI 9:1;2KI 13:14;2KI 13:15;2KI 13:16;2KI 13:17;2KI 13:18;2KI 13:19;2KI 13:20;2KI 13:21;LUK 4:27
Q114685996,1KI 19:16;1KI 19:19;1KI 19:20;2KI 3:11;2KI 6:31
Q717814,1KI 20:1;1KI 20:3;1KI 20:4;1KI 20:5;1KI 20:9;1KI 20:10;1KI 20:12;1KI 20:16;1KI 20:17;1KI 20:20;1KI 20:22;1KI 20:23;1KI 20:25;1KI 20:26;1KI 20:30;1KI 20:31;1KI 20:32;1KI 20:33;1KI 20:34;1KI 20:42;1KI 22:3;1KI 22:31;2KI 6:24;2KI 8:7;2KI 8:9;2KI 8:14;2KI 8:15
Q44203,1KI 21:1;1KI 21:2;1KI 21:3;1KI 21:4;1KI 21:6;1KI 21:7;1KI 21:8;1KI 21:9;1KI 21:11;1KI 21:12;1KI 21:13;1KI 21:14;1KI 21:15;1KI 21:16;1KI 21:18;1KI 21:19;2KI 9:21;2KI 9:25;2KI 9:26
Q1531578,1KI 22:8;1KI 22:9;1KI 22:13;1KI 22:14;1KI 22:15;1KI 22:17;1KI 22:19;1KI 22:24;1KI 22:25;1KI 22:26;1KI 22:27;1KI 22:28
Q133322634,1KI 22:8;1KI 22:9;2CH 18:7;2CH 18:8
Q6586959,1KI 22:11;1KI 22:24
Q124790113,1KI 22:11;1KI 22:24
Q107646275,1KI 22:26
Q313213,1KI 22:40;1KI 22:49;1KI 22:51;1KI 22:53;2KI 1:2;2KI 1:3;2KI 1:5;2KI 1:7;2KI 1:8;2KI 1:9;2KI 1:11;2KI 1:13;2KI 1:15;2KI 1:16;2KI 1:17;2KI 1:18;2CH 20:35;2CH 20:37
Q4833002,1KI 22:42;2CH 20:31
Q133454594,1KI 22:42;2CH 20:31
Q313215,1KI 22:50;2KI 1:17;2KI 8:16;2KI 8:17;2KI 8:18;2KI 8:20;2KI 8:21;2KI 8:23;2KI 8:24;2KI 8:25;2KI 8:29;2KI 11:2;2KI 12:18;1CH 3:11;2CH 21:1;2CH 21:2;2CH 21:3;2CH 21:4;2CH 21:5;2CH 21:6;2CH 21:8;2CH 21:9;2CH 21:10;2CH 21:11;2CH 21:12;2CH 21:16;2CH 21:17;2CH 21:18;2CH 21:20;2CH 22:1;2CH 22:4;2CH 22:6;2CH 22:11;MAT 1:8
Q334739,2KI 1:17;2KI 3:1;2KI 3:5;2KI 3:6;2KI 3:8;2KI 3:9;2KI 3:10;2KI 3:11;2KI 3:12;2KI 3:13;2KI 3:21;2KI 3:23;2KI 8:16;2KI 8:25;2KI 8:28;2KI 8:29;2KI 9:11;2KI 9:14;2KI 9:15;2KI 9:16;2KI 9:17;2KI 9:18;2KI 9:19;2KI 9:21;2KI 9:22;2KI 9:23;2KI 9:24;2KI 9:29;2KI 9:31;2KI 10:4;2KI 10:9;2KI 11:4;2KI 11:12;2CH 22:5;2CH 22:6;2CH 22:7
Q350258,2KI 3:4;2KI 3:5;2KI 3:7;2KI 3:26
Q4428768,2KI 4:8;2KI 4:9;2KI 4:12;2KI 4:16;2KI 4:17;2KI 4:19;2KI 4:20;2KI 4:22;2KI 4:25;2KI 4:30;2KI 4:36;2KI 8:1;2KI 8:2;2KI 8:3;2KI 8:5;2KI 8:6
Q977435,2KI 4:12;2KI 4:13;2KI 4:14;2KI 4:15;2KI 4:25;2KI 4:27;2KI 4:29;2KI 4:31;2KI 4:36;2KI 5:20;2KI 5:21;2KI 5:22;2KI 5:23;2KI 5:24;2KI 5:25;2KI 5:27;2KI 8:4;2KI 8:5
Q126778,2KI 5:1;2KI 5:2;2KI 5:4;2KI 5:5;2KI 5:6;2KI 5:8;2KI 5:9;2KI 5:11;2KI 5:13;2KI 5:14;2KI 5:15;2KI 5:16;2KI 5:17;2KI 5:18;2KI 5:19;2KI 5:20;2KI 5:21;2KI 5:23;2KI 5:27;LUK 4:27
Q463934,2KI 8:18;2KI 8:26;2KI 11:1;2KI 11:2;2KI 11:3;2KI 11:13;2KI 11:14;2KI 11:16;2KI 11:20;2CH 22:2;2CH 22:3;2CH 22:10;2CH 22:11;2CH 22:12;2CH 23:12;2CH 23:13;2CH 23:15;2CH 23:21;2CH 24:7
Q313214,2KI 8:24;2KI 8:25;2KI 8:26;2KI 8:27;2KI 8:28;2KI 8:29;2KI 9:16;2KI 9:21;2KI 9:23;2KI 9:27;2KI 9:29;2KI 10:4;2KI 10:13;2KI 11:1;2KI 11:2;2KI 12:18;2KI 13:1;2KI 14:13;1CH 3:11;2CH 21:17;2CH 22:1;2CH 22:2;2CH 22:3;2CH 22:5;2CH 22:6;2CH 22:7;2CH 22:8;2CH 22:9;2CH 22:10;2CH 22:11;2CH 25:23
Q104536612,2KI 9:2;2KI 9:14
Q17012506,2KI 9:2;2KI 9:14;2KI 9:20;2CH 22:7
Q133520484,2KI 9:25
Q6176487,2KI 10:15;2KI 10:23;JER 35:6;JER 35:8;JER 35:10;JER 35:14;JER 35:16;JER 35:18;JER 35:19
Q124149671,2KI 10:15;2KI 10:23;JER 35:6;JER 35:8;JER 35:14;JER 35:16;JER 35:19
Q334729,2KI 10:35;2KI 13:1;2KI 13:4;2KI 13:7;2KI 13:8;2KI 13:9;2KI 13:10;2KI 13:22;2KI 13:25;2KI 14:1;2KI 14:8;2KI 14:17;2CH 25:17;2CH 25:25
Q4202829,2KI 11:2;2CH 22:11
Q313229,2KI 11:2;2KI 11:3;2KI 11:4;2KI 11:7;2KI 11:8;2KI 11:11;2KI 11:12;2KI 11:14;2KI 11:17;2KI 11:19;2KI 11:21;2KI 12:1;2KI 12:2;2KI 12:4;2KI 12:6;2KI 12:7;2KI 12:18;2KI 12:19;2KI 12:20;2KI 13:1;2KI 13:10;2KI 14:1;2KI 14:3;2KI 14:5;2KI 14:13;2KI 14:17;2KI 14:23;1CH 3:11;2CH 22:11;2CH 22:12;2CH 23:3;2CH 23:7;2CH 23:10;2CH 23:11;2CH 23:12;2CH 23:13;2CH 23:16;2CH 23:20;2CH 24:1;2CH 24:2;2CH 24:4;2CH 24:6;2CH 24:8;2CH 24:11;2CH 24:12;2CH 24:14;2CH 24:17;2CH 24:21;2CH 24:22;2CH 24:23;2CH 24:24;2CH 24:25;2CH 24:26;2CH 24:27;2CH 25:23
Q2194240,2KI 11:4;2KI 11:9;2KI 11:10;2KI 11:12;2KI 11:15;2KI 11:17;2KI 11:18;2KI 12:2;2KI 12:7;2KI 12:9;2CH 22:11;2CH 23:1;2CH 23:3;2CH 23:8;2CH 23:9;2CH 23:11;2CH 23:14;2CH 23:16;2CH 23:18;2CH 24:2;2CH 24:3;2CH 24:6;2CH 24:12;2CH 24:14;2CH 24:15;2CH 24:16;2CH 24:17;2CH 24:20;2CH 24:22;2CH 24:25
Q124129541,2KI 11:18;2CH 23:17
Q8071446,2KI 12:1;2CH 24:1
Q133760827,2KI 12:21;2KI 14:5;2KI 14:6
Q133815999,2KI 12:21
Q133760684,2KI 12:21;2KI 14:5;2KI 14:6
Q137824425,2KI 12:21
Q313237,2KI 12:21;2KI 13:12;2KI 14:1;2KI 14:5;2KI 14:7;2KI 14:8;2KI 14:9;2KI 14:11;2KI 14:13;2KI 14:15;2KI 14:17;2KI 14:18;2KI 14:19;2KI 14:21;2KI 14:22;2KI 14:23;2KI 15:1;2KI 15:3;1CH 3:12;2CH 24:27;2CH 25:1;2CH 25:3;2CH 25:5;2CH 25:9;2CH 25:10;2CH 25:11;2CH 25:13;2CH 25:14;2CH 25:15;2CH 25:16;2CH 25:17;2CH 25:18;2CH 25:20;2CH 25:21;2CH 25:23;2CH 25:25;2CH 25:26;2CH 25:27;2CH 26:1;2CH 26:2;2CH 26:4
Q816398,2KI 13:3;2KI 13:24;2KI 13:25;AMO 1:4
Q334736,2KI 13:9;2KI 13:10;2KI 13:12;2KI 13:13;2KI 13:14;2KI 13:15;2KI 13:16;2KI 13:18;2KI 13:25;2KI 14:1;2KI 14:8;2KI 14:9;2KI 14:11;2KI 14:13;2KI 14:15;2KI 14:16;2KI 14:17;2KI 14:23;2KI 14:27;2CH 25:17;2CH 25:18;2CH 25:20;2CH 25:21;2CH 25:23;2CH 25:25;HOS 1:1;AMO 1:1
Q313232,2KI 13:13;2KI 14:16;2KI 14:23;2KI 14:25;2KI 14:27;2KI 14:28;2KI 14:29;2KI 15:1;2KI 15:8;HOS 1:1;AMO 1:1;AMO 7:9;AMO 7:10;AMO 7:11;AMO 7:13
Q20502568,2KI 14:2
Q313216,2KI 14:21;2KI 14:22;2KI 15:1;2KI 15:5;2KI 15:6;2KI 15:7;2KI 15:8;2KI 15:13;2KI 15:17;2KI 15:23;2KI 15:27;2KI 15:30;2KI 15:32;2KI 15:34;1CH 3:12;2CH 26:1;2CH 26:2;2CH 26:3;2CH 26:6;2CH 26:8;2CH 26:9;2CH 26:11;2CH 26:14;2CH 26:16;2CH 26:18;2CH 26:19;2CH 26:21;2CH 26:22;2CH 26:23;2CH 27:2;ISA 1:1;ISA 6:1;ISA 7:1;HOS 1:1;AMO 1:1;ZEC 14:5;MAT 1:8;MAT 1:9
Q334726,2KI 14:29;2KI 15:8;2KI 15:10;2KI 15:11
Q20502646,2KI 15:2;2CH 26:3
Q109920,2KI 15:5;2KI 15:7;2KI 15:30;2KI 15:32;2KI 15:35;2KI 15:36;2KI 15:38;2KI 16:1;1CH 3:12;2CH 26:23;2CH 27:1;2CH 27:3;2CH 27:5;2CH 27:6;2CH 27:7;2CH 27:9;ISA 1:1;ISA 7:1;HOS 1:1;MIC 1:1;MAT 1:9
Q334748,2KI 15:10;2KI 15:13;2KI 15:14;2KI 15:15
Q16947750,2KI 15:10;2KI 15:13;2KI 15:14
Q313212,2KI 15:14;2KI 15:16;2KI 15:17;2KI 15:19;2KI 15:20;2KI 15:21;2KI 15:22;2KI 15:23
Q114906601,2KI 15:14;2KI 15:17
Q210074,2KI 15:19;2KI 15:29;2KI 16:7;2KI 16:9;2KI 16:10;2KI 16:18;2CH 28:16;2CH 28:20;2CH 28:21
Q334756,2KI 15:22;2KI 15:23;2KI 15:25;2KI 15:26
Q334744,2KI 15:25;2KI 15:27;2KI 15:29;2KI 15:30;2KI 15:31;2KI 15:32;2KI 15:37;2KI 16:1;2KI 16:5;2CH 28:5;2CH 28:6;ISA 7:1;ISA 7:4;ISA 7:5;ISA 7:9;ISA 8:6
Q114906785,2KI 15:25;2KI 15:27;2KI 15:30;2KI 15:32;2KI 15:37;2KI 16:1;2KI 16:5;2CH 28:6;ISA 7:1;ISA 7:4;ISA 7:5;ISA 7:9;ISA 8:6
Q131839413,2KI 15:25
Q131839428,2KI 15:25
Q319038,2KI 15:30;2KI 17:1;2KI 17:3;2KI 17:4;2KI 17:6;2KI 18:1;2KI 18:9;2KI 18:10
Q124309504,2KI 15:30;2KI 17:1;2KI 18:1;2KI 18:9
Q137824550,2KI 15:33;2CH 27:1
Q878947,2KI 15:37;2KI 16:5;2KI 16:6;2KI 16:9;ISA 7:1;ISA 7:4;ISA 7:8;ISA 8:6;ISA 9:11
Q30914,2KI 16:1;2KI 16:2;2KI 16:5;2KI 16:7;2KI 16:8;2KI 16:10;2KI 16:11;2KI 16:12;2KI 16:15;2KI 16:16;2KI 16:17;2KI 16:19;2KI 16:20;2KI 17:1;2KI 18:1;2KI 20:11;2KI 23:12;1CH 3:13;2CH 27:9;2CH 28:1;2CH 28:3;2CH 28:5;2CH 28:7;2CH 28:16;2CH 28:20;2CH 28:21;2CH 28:22;2CH 28:23;2CH 28:24;2CH 28:26;2CH 28:27;2CH 29:19;ISA 1:1;ISA 7:1;ISA 7:2;ISA 7:3;ISA 7:10;ISA 7:12;ISA 14:28;ISA 38:8;HOS 1:1;MIC 1:1;MAT 1:9
Q104898031,2KI 16:10;2KI 16:11;2KI 16:15;2KI 16:16
Q244912,2KI 16:20;2KI 18:1;2KI 18:5;2KI 18:7;2KI 18:9;2KI 18:10;2KI 18:13;2KI 18:14;2KI 18:15;2KI 18:16;2KI 18:17;2KI 18:18;2KI 18:19;2KI 18:22;2KI 18:29;2KI 18:30;2KI 18:31;2KI 18:32;2KI 18:36;2KI 18:37;2KI 19:1;2KI 19:3;2KI 19:5;2KI 19:6;2KI 19:9;2KI 19:10;2KI 19:14;2KI 19:15;2KI 19:20;2KI 19:29;2KI 20:1;2KI 20:2;2KI 20:3;2KI 20:5;2KI 20:7;2KI 20:8;2KI 20:10;2KI 20:12;2KI 20:13;2KI 20:14;2KI 20:15;2KI 20:16;2KI 20:19;2KI 20:20;2KI 20:21;2KI 21:3;1CH 3:13;1CH 4:41;2CH 28:27;2CH 29:1;2CH 29:3;2CH 29:15;2CH 29:18;2CH 29:20;2CH 29:21;2CH 29:23;2CH 29:24;2CH 29:25;2CH 29:27;2CH 29:29;2CH 29:30;2CH 29:31;2CH 29:36;2CH 30:1;2CH 30:2;2CH 30:4;2CH 30:6;2CH 30:12;2CH 30:18;2CH 30:20;2CH 30:22;2CH 30:24;2CH 31:2;2CH 31:3;2CH 31:8;2CH 31:9;2CH 31:11;2CH 31:13;2CH 31:20;2CH 32:2;2CH 32:5;2CH 32:6;2CH 32:8;2CH 32:9;2CH 32:11;2CH 32:12;2CH 32:15;2CH 32:16;2CH 32:17;2CH 32:20;2CH 32:22;2CH 32:23;2CH 32:24;2CH 32:25;2CH 32:26;2CH 32:27;2CH 32:30;2CH 32:31;2CH 32:32;2CH 32:33;2CH 33:3;PRO 25:1;ISA 1:1;ISA 36:1;ISA 36:2;ISA 36:4;ISA 36:7;ISA 36:12;ISA 36:14;ISA 36:15;ISA 36:16;ISA 36:18;ISA 36:21;ISA 36:22;ISA 37:1;ISA 37:3;ISA 37:5;ISA 37:6;ISA 37:9;ISA 37:10;ISA 37:14;ISA 37:15;ISA 37:21;ISA 37:30;ISA 38:1;ISA 38:2;ISA 38:3;ISA 38:5;ISA 38:9;ISA 38:22;ISA 39:1;ISA 39:2;ISA 39:3;ISA 39:4;ISA 39:5;ISA 39:8;JER 15:4;JER 26:18;JER 26:19;HOS 1:1;MIC 1:1;MAT 1:9;MAT 1:10
Q310640,2KI 17:3;2KI 17:4;2KI 17:5;2KI 17:6;2KI 18:9;2KI 18:11
Q3603705,2KI 18:2;2CH 29:1
Q123167260,2KI 18:2
Q207140,2KI 18:13;2KI 18:14;2KI 18:16;2KI 18:17;2KI 18:19;2KI 18:23;2KI 18:24;2KI 18:27;2KI 18:28;2KI 18:29;2KI 18:30;2KI 18:31;2KI 18:33;2KI 19:4;2KI 19:6;2KI 19:8;2KI 19:9;2KI 19:10;2KI 19:16;2KI 19:20;2KI 19:32;2KI 19:36;2KI 20:6;2CH 32:1;2CH 32:2;2CH 32:4;2CH 32:7;2CH 32:9;2CH 32:10;2CH 32:11;2CH 32:16;2CH 32:21;2CH 32:22;ISA 36:1;ISA 36:2;ISA 36:4;ISA 36:8;ISA 36:9;ISA 36:12;ISA 36:13;ISA 36:14;ISA 36:15;ISA 36:16;ISA 36:18;ISA 37:4;ISA 37:6;ISA 37:8;ISA 37:9;ISA 37:10;ISA 37:17;ISA 37:21;ISA 37:33;ISA 37:37;ISA 38:6
Q2920137,2KI 18:17;2KI 18:19;2KI 18:26;2KI 18:27;2KI 18:28;2KI 18:37;2KI 19:4;2KI 19:8;ISA 36:2;ISA 36:4;ISA 36:11;ISA 36:12;ISA 36:13;ISA 36:22;ISA 37:4;ISA 37:8
Q9252684,2KI 18:18;2KI 18:26;2KI 18:37;2KI 19:2;ISA 22:20;ISA 36:3;ISA 36:11;ISA 36:22;ISA 37:2
Q130270587,2KI 18:18;2KI 18:26;2KI 18:37;ISA 22:20;ISA 36:3;ISA 36:22
Q18191851,2KI 18:18;2KI 18:26;2KI 18:37;ISA 36:3;ISA 36:11;ISA 36:22
Q130243561,2KI 18:18;2KI 18:37;ISA 36:3;ISA 36:22
Q188794,2KI 19:2;2KI 19:5;2KI 19:20;2KI 20:1;2KI 20:4;2KI 20:7;2KI 20:8;2KI 20:9;2KI 20:11;2KI 20:14;2KI 20:15;2KI 20:16;2KI 20:19;2CH 26:22;2CH 32:20;2CH 32:32;ISA 1:1;ISA 2:1;ISA 7:3;ISA 7:13;ISA 13:1;ISA 20:2;ISA 20:3;ISA 37:2;ISA 37:5;ISA 37:21;ISA 38:1;ISA 38:4;ISA 38:21;ISA 39:3;ISA 39:4;ISA 39:5;ISA 39:8;MAT 3:3;MAT 4:14;MAT 8:17;MAT 12:17;MAT 13:14;MAT 15:7;MRK 1:2;MRK 7:6;LUK 3:4;LUK 4:17;JHN 1:23;JHN 12:38;JHN 12:39;JHN 12:41;ACT 8:28;ACT 8:30;ACT 8:34;ACT 28:25;ROM 9:27;ROM 9:29;ROM 10:16;ROM 10:20;ROM 15:12
Q4748020,2KI 19:2;2KI 19:20;2KI 20:1;2CH 26:22;2CH 32:20;2CH 32:32;ISA 1:1;ISA 2:1;ISA 13:1;ISA 20:2;ISA 37:2;ISA 37:21;ISA 38:1
Q638342,2KI 19:37;ISA 37:38
Q76383242,2KI 19:37;ISA 37:38
Q193912,2KI 19:37;EZR 4:2;ISA 37:38
Q130266607,2KI 20:12;ISA 39:1
Q12591,2KI 20:18;2KI 24:1;2KI 24:7;2KI 24:10;2KI 24:11;2KI 24:12;2KI 24:13;2KI 24:15;2KI 24:16;2KI 24:17;2KI 24:20;2KI 25:1;2KI 25:6;2KI 25:8;2KI 25:11;2KI 25:20;2KI 25:21;2KI 25:22;2KI 25:23;2KI 25:24;1CH 6:15;2CH 36:6;2CH 36:7;2CH 36:10;2CH 36:13;2CH 36:17;2CH 36:20;EZR 1:7;EZR 2:1;EZR 5:12;EZR 5:14;EZR 6:5;EST 2:6;JER 20:4;JER 21:2;JER 21:4;JER 21:7;JER 21:10;JER 22:25;JER 24:1;JER 25:1;JER 25:9;JER 27:6;JER 27:8;JER 27:9;JER 27:11;JER 27:12;JER 27:13;JER 27:14;JER 27:17;JER 27:20;JER 28:2;JER 28:3;JER 28:4;JER 28:11;JER 28:14;JER 29:1;JER 29:3;JER 29:21;JER 32:1;JER 32:2;JER 32:3;JER 32:4;JER 32:28;JER 32:36;JER 34:1;JER 34:2;JER 34:3;JER 34:7;JER 34:21;JER 35:11;JER 37:1;JER 37:17;JER 37:19;JER 38:3;JER 38:17;JER 38:18;JER 38:22;JER 38:23;JER 39:1;JER 39:3;JER 39:5;JER 39:6;JER 39:11;JER 39:13;JER 40:5;JER 40:7;JER 40:9;JER 40:11;JER 41:2;JER 41:18;JER 42:11;JER 43:10;JER 43:12;JER 44:30;JER 46:2;JER 46:13;JER 46:26;JER 49:28;JER 49:30;JER 50:17;JER 51:34;JER 52:3;JER 52:4;JER 52:9;JER 52:10;JER 52:12;JER 52:15;JER 52:26;JER 52:27;JER 52:28;JER 52:29;JER 52:30;EZK 17:3;EZK 17:12;EZK 17:16;EZK 19:9;EZK 21:19;EZK 21:21;EZK 24:2;EZK 26:7;EZK 29:18;EZK 29:19;EZK 30:10;EZK 30:24;EZK 30:25;EZK 32:11;DAN 1:1;DAN 1:4;DAN 1:5;DAN 1:8;DAN 1:10;DAN 1:18;DAN 1:19;DAN 1:20;DAN 2:1;DAN 2:2;DAN 2:4;DAN 2:5;DAN 2:7;DAN 2:8;DAN 2:10;DAN 2:11;DAN 2:12;DAN 2:15;DAN 2:16;DAN 2:23;DAN 2:24;DAN 2:25;DAN 2:26;DAN 2:27;DAN 2:28;DAN 2:29;DAN 2:30;DAN 2:31;DAN 2:36;DAN 2:37;DAN 2:45;DAN 2:46;DAN 2:47;DAN 2:48;DAN 2:49;DAN 3:1;DAN 3:2;DAN 3:3;DAN 3:5;DAN 3:7;DAN 3:9;DAN 3:10;DAN 3:12;DAN 3:13;DAN 3:14;DAN 3:16;DAN 3:17;DAN 3:18;DAN 3:19;DAN 3:22;DAN 3:24;DAN 3:26;DAN 3:28;DAN 3:30;DAN 4:1;DAN 4:4;DAN 4:18;DAN 4:19;DAN 4:22;DAN 4:23;DAN 4:24;DAN 4:27;DAN 4:28;DAN 4:30;DAN 4:31;DAN 4:33;DAN 4:34;DAN 4:37;DAN 5:2;DAN 5:11;DAN 5:13;DAN 5:18
Q156328,2KI 20:21;2KI 21:1;2KI 21:4;2KI 21:7;2KI 21:9;2KI 21:11;2KI 21:16;2KI 21:17;2KI 21:18;2KI 21:20;2KI 23:12;2KI 23:26;2KI 24:3;1CH 3:13;2CH 32:33;2CH 33:1;2CH 33:4;2CH 33:7;2CH 33:9;2CH 33:10;2CH 33:11;2CH 33:12;2CH 33:13;2CH 33:14;2CH 33:18;2CH 33:20;2CH 33:22;2CH 33:23;JER 15:4;MAT 1:10
Q114771167,2KI 21:1
Q313423,2KI 21:18;2KI 21:19;2KI 21:23;2KI 21:24;2KI 21:25;1CH 3:14;2CH 33:20;2CH 33:21;2CH 33:22;2CH 33:23;2CH 33:24;2CH 33:25;JER 1:2;JER 25:3;ZEP 1:1;MAT 1:10
Q114995259,2KI 21:19
Q115804881,2KI 21:19
Q135454571,2KI 22:1
Q135454557,2KI 22:1
Q2904866,2KI 22:3;2KI 22:8;2KI 22:9;2KI 22:10;2KI 22:12;2KI 22:14;2CH 34:8;2CH 34:15;2CH 34:16;2CH 34:18;2CH 34:20;JER 39:14;JER 40:5;JER 40:9;JER 40:11;JER 41:2;JER 43:6
Q9641178,2KI 22:3;2CH 34:8
Q137825058,2KI 22:3
Q3276278,2KI 22:4;2KI 22:8;2KI 22:10;2KI 22:12;2KI 22:14;2KI 23:4;2KI 23:24;1CH 6:13;2CH 34:9;2CH 34:14;2CH 34:15;2CH 34:18;2CH 34:20;2CH 34:22;2CH 35:8;EZR 7:1
Q4695108,2KI 22:12;2KI 22:14;2KI 25:22;2CH 34:20;JER 39:14;JER 40:5;JER 40:6;JER 40:7;JER 40:9;JER 40:11;JER 40:14;JER 40:16;JER 41:1;JER 41:2;JER 41:6;JER 41:10;JER 41:16;JER 41:18;JER 43:6
Q123165967,2KI 22:12;2KI 22:14
Q4803405,2KI 22:12;2KI 22:14
Q583207,2KI 22:14;2KI 22:15;2CH 34:22;2CH 34:23
Q140312440,2KI 22:14
Q133830235,2KI 22:14;2CH 34:22
Q125477325,2KI 22:14;2CH 34:22
Q6968837,2KI 23:11
Q336832,2KI 23:30;2KI 23:31;2KI 23:33;2KI 23:34;2CH 36:1;2CH 36:2;2CH 36:4;JER 22:11
Q16573951,2KI 23:31;2KI 24:18;JER 52:1
Q124123188,2KI 23:31;JER 52:1
Q319034,2KI 23:34;2KI 23:35;2KI 23:36;2KI 24:1;2KI 24:2;2KI 24:5;2KI 24:6;2KI 24:19;1CH 3:15;1CH 3:16;2CH 36:4;2CH 36:5;2CH 36:6;2CH 36:8;JER 1:3;JER 22:1;JER 22:2;JER 22:6;JER 22:18;JER 22:24;JER 24:1;JER 25:1;JER 26:1;JER 26:21;JER 26:22;JER 26:23;JER 27:20;JER 28:4;JER 35:1;JER 36:1;JER 36:9;JER 36:16;JER 36:20;JER 36:21;JER 36:22;JER 36:23;JER 36:24;JER 36:25;JER 36:26;JER 36:27;JER 36:28;JER 36:29;JER 36:30;JER 36:32;JER 37:1;JER 45:1;JER 46:2;JER 52:2;DAN 1:1;DAN 1:2
Q30527376,2KI 23:36
Q20101444,2KI 23:36
Q319049,2KI 24:6;2KI 24:8;2KI 24:12;2KI 24:15;2KI 24:17;2KI 25:27;2KI 25:28;2KI 25:29;2KI 25:30;1CH 3:16;1CH 3:17;2CH 36:8;2CH 36:9;2CH 36:10;EST 2:6;JER 22:24;JER 22:28;JER 24:1;JER 27:20;JER 28:4;JER 29:2;JER 37:1;JER 52:31;JER 52:32;JER 52:33;JER 52:34;EZK 1:2;EZK 17:12;MAT 1:11;MAT 1:12
Q20502297,2KI 24:8;2KI 24:15;JER 29:2
Q184273,2KI 24:17;2KI 24:18;2KI 24:19;2KI 24:20;2KI 25:1;2KI 25:2;2KI 25:5;2KI 25:6;2KI 25:7;1CH 3:15;2CH 36:10;2CH 36:11;2CH 36:13;JER 1:3;JER 21:1;JER 21:3;JER 21:7;JER 21:11;JER 24:8;JER 27:1;JER 27:3;JER 27:12;JER 28:1;JER 29:3;JER 32:1;JER 32:2;JER 32:3;JER 32:4;JER 32:5;JER 34:2;JER 34:4;JER 34:6;JER 34:8;JER 34:21;JER 37:1;JER 37:3;JER 37:7;JER 37:17;JER 37:18;JER 37:20;JER 37:21;JER 38:4;JER 38:5;JER 38:6;JER 38:7;JER 38:8;JER 38:9;JER 38:10;JER 38:11;JER 38:14;JER 38:16;JER 38:17;JER 38:19;JER 38:22;JER 38:24;JER 38:25;JER 38:26;JER 38:27;JER 39:1;JER 39:2;JER 39:4;JER 39:5;JER 39:6;JER 39:7;JER 44:30;JER 49:34;JER 51:59;JER 52:1;JER 52:2;JER 52:3;JER 52:5;JER 52:8;JER 52:9;JER 52:10;JER 52:11;EZK 17:13;EZK 17:15
Q6903514,2KI 25:8;2KI 25:10;2KI 25:11;2KI 25:12;2KI 25:15;2KI 25:18;2KI 25:20;JER 39:9;JER 39:10;JER 39:11;JER 39:13;JER 40:1;JER 40:2;JER 40:5;JER 41:10;JER 43:6;JER 52:12;JER 52:15;JER 52:16;JER 52:19;JER 52:24;JER 52:26;JER 52:30
Q18192237,2KI 25:18;1CH 6:14;EZR 7:1;JER 52:24
Q133829336,2KI 25:18;JER 52:24
Q1497453,2KI 25:22;2KI 25:23;2KI 25:24;2KI 25:25;JER 39:14;JER 40:5;JER 40:6;JER 40:7;JER 40:8;JER 40:9;JER 40:11;JER 40:12;JER 40:13;JER 40:14;JER 40:15;JER 40:16;JER 41:1;JER 41:2;JER 41:3;JER 41:4;JER 41:6;JER 41:9;JER 41:10;JER 41:16;JER 41:18;JER 43:6
Q2903835,2KI 25:23;2KI 25:25;JER 40:8;JER 40:14;JER 40:15;JER 40:16;JER 41:1;JER 41:2;JER 41:3;JER 41:6;JER 41:7;JER 41:8;JER 41:9;JER 41:10;JER 41:11;JER 41:12;JER 41:13;JER 41:14;JER 41:15;JER 41:16;JER 41:18
Q124344879,2KI 25:23;2KI 25:25;JER 40:8;JER 40:14;JER 40:15;JER 41:1;JER 41:2;JER 41:6;JER 41:7;JER 41:9;JER 41:10;JER 41:11;JER 41:12;JER 41:15;JER 41:16;JER 41:18
Q6369174,2KI 25:23;JER 40:8;JER 40:13;JER 40:15;JER 40:16;JER 41:11;JER 41:13;JER 41:14;JER 41:16;JER 42:1;JER 42:8;JER 43:2;JER 43:4;JER 43:5
Q140377305,2KI 25:23;JER 40:8
Q124392739,2KI 25:23;JER 40:8
Q126008957,2KI 25:23;JER 40:8
Q124310229,2KI 25:25;JER 41:1
Q313234,2KI 25:27;JER 52:31;JER 52:33;JER 52:34
Q139393763,1CH 2:8
Q1687510,1CH 2:9;1CH 2:25;1CH 2:26;1CH 2:27;1CH 2:33;1CH 2:42
Q16938772,1CH 2:9;1CH 2:18;1CH 2:19;1CH 2:42;1CH 2:46;1CH 2:48;1CH 2:49;1CH 2:50
Q117074434,1CH 2:14
Q117074438,1CH 2:14
Q117074443,1CH 2:15
Q3603697,1CH 2:16;1CH 2:17
Q6659565,1CH 2:17
Q139582293,1CH 2:18;1CH 2:19
Q139890072,1CH 2:18
Q138828286,1CH 2:18
Q1296510,1CH 2:19
Q85853398,1CH 2:21;1CH 7:18
Q85854804,1CH 2:21;1CH 2:22
Q85853544,1CH 2:22
Q123168386,1CH 2:24
Q115481149,1CH 2:24;1CH 4:5
Q115481221,1CH 2:24;1CH 4:5
Q115481492,1CH 2:25;1CH 2:27
Q4997414,1CH 2:25
Q115481377,1CH 2:25
Q115481436,1CH 2:25
Q138678423,1CH 2:25
Q115481907,1CH 2:26
Q115481992,1CH 2:26;1CH 2:28
Q115482106,1CH 2:27
Q115482179,1CH 2:27
Q115482260,1CH 2:27
Q115482364,1CH 2:28;1CH 2:32
Q6121173,1CH 2:28;1CH 2:32
Q115750291,1CH 2:28;1CH 2:30
Q4667955,1CH 2:28;1CH 2:29
Q9138251,1CH 2:29
Q115750442,1CH 2:29
Q115750475,1CH 2:29
Q115750534,1CH 2:30
Q14920605,1CH 2:30;1CH 2:31
Q115750627,1CH 2:31
Q115754089,1CH 2:31
Q116729008,1CH 2:31
Q139008394,1CH 2:33
Q116729011,1CH 2:34;1CH 2:35
Q116729013,1CH 2:35;1CH 2:36
Q11955535,1CH 2:36;1CH 2:37
Q116729102,1CH 2:37
Q116729115,1CH 2:37;1CH 2:38
Q117054203,1CH 2:38
Q117054206,1CH 2:38;1CH 2:39
Q117054212,1CH 2:39
Q117054223,1CH 2:39;1CH 2:40
Q117195731,1CH 2:40
Q117195738,1CH 2:40;1CH 2:41
Q117195741,1CH 2:41
Q117212369,1CH 2:41
Q65129931,1CH 2:42
Q117212391,1CH 2:42
Q123121662,1CH 2:42;1CH 2:43
Q96049919,1CH 2:43
Q139673778,1CH 2:43
Q140068814,1CH 2:43;1CH 2:44
Q140289799,1CH 2:44;1CH 2:45
Q6123224,1CH 2:47
Q140320822,1CH 2:47
Q106414457,1CH 2:48
Q140172529,1CH 2:48
Q14923277,1CH 2:48
Q140320808,1CH 2:49
Q140007934,1CH 2:49
Q139884753,1CH 2:50;1CH 2:52;1CH 4:1;1CH 4:2
Q140420096,1CH 2:51;1CH 2:54
Q115762115,1CH 3:15
Q115945589,1CH 3:16
Q2256348,1CH 3:17;EZR 3:2;EZR 3:8;EZR 5:2;NEH 12:1;HAG 1:1;HAG 1:12;HAG 1:14;HAG 2:2;HAG 2:23;MAT 1:12;LUK 3:27
Q116923335,1CH 3:18
Q116923358,1CH 3:18;1CH 3:19
Q116923398,1CH 3:18
Q116923405,1CH 3:18
Q116923485,1CH 3:18
Q116923509,1CH 3:18
Q320139,1CH 3:19;EZR 2:2;EZR 3:2;EZR 3:8;EZR 4:2;EZR 4:3;EZR 5:2;NEH 7:7;NEH 12:1;NEH 12:47;HAG 1:1;HAG 1:12;HAG 1:14;HAG 2:2;HAG 2:4;HAG 2:21;HAG 2:23;ZEC 4:6;ZEC 4:7;ZEC 4:9;ZEC 4:10;MAT 1:12;MAT 1:13;LUK 3:27
Q116923523,1CH 3:19
Q115804946,1CH 3:19
Q115805117,1CH 3:19;1CH 3:21
Q115805223,1CH 3:19
Q115037483,1CH 3:20
Q7080648,1CH 3:20
Q115858848,1CH 3:20
Q115805040,1CH 3:20
Q115037653,1CH 3:20
Q115805414,1CH 3:21
Q115805441,1CH 3:21
Q115805500,1CH 3:21
Q115805592,1CH 3:21
Q115805629,1CH 3:21
Q115805652,1CH 3:21;1CH 3:22
Q115805697,1CH 3:22
Q115806723,1CH 3:22
Q115806778,1CH 3:22
Q115806861,1CH 3:22
Q115806942,1CH 3:22;1CH 3:23
Q115807054,1CH 3:22
Q115807184,1CH 3:23;1CH 3:24
Q115807230,1CH 3:23
Q115807389,1CH 3:23
Q115858871,1CH 3:24
Q115858878,1CH 3:24
Q115858883,1CH 3:24
Q115858892,1CH 3:24
Q115858899,1CH 3:24
Q115858908,1CH 3:24
Q115858915,1CH 3:24
Q138697258,1CH 4:2
Q138720753,1CH 4:6
Q139592293,1CH 4:6
Q138847618,1CH 4:7
Q126009633,1CH 4:7
Q138746211,1CH 4:8
Q138714921,1CH 4:8
Q1676833,1CH 4:9;1CH 4:10
Q139857974,1CH 4:11
Q139659753,1CH 4:12
Q140377330,1CH 4:13;1CH 4:14
Q138721701,1CH 4:16
Q106128816,1CH 4:16
Q139580532,1CH 4:16
Q138943036,1CH 4:16
Q6818896,1CH 4:17;1CH 4:18
Q140312224,1CH 4:17
Q139764673,1CH 4:18
Q139929205,1CH 4:20
Q138722235,1CH 4:20
Q140254011,1CH 4:20
Q139585798,1CH 4:20
Q140254438,1CH 4:20
Q140420013,1CH 4:22
Q140312531,1CH 4:25
Q138863127,1CH 4:26
Q139964162,1CH 4:26;1CH 4:27
Q138716626,1CH 4:34
Q140377407,1CH 4:35
Q138973292,1CH 4:35
Q138942220,1CH 4:36
Q140288971,1CH 4:36
Q138715594,1CH 4:37
Q139891255,1CH 4:37
Q139928701,1CH 4:37
Q140044404,1CH 4:37
Q139104695,1CH 4:42
Q140044412,1CH 5:4
Q139963977,1CH 5:4
Q139583049,1CH 5:5
Q140235096,1CH 5:6
Q138768213,1CH 5:7
Q140235269,1CH 5:8
Q139568157,1CH 5:8
Q140068833,1CH 5:8
Q140289945,1CH 5:12
Q140288444,1CH 5:12
Q140247885,1CH 5:13
Q138844058,1CH 5:13
Q138609317,1CH 5:14
Q138658762,1CH 5:15
Q26743342,1CH 5:15
Q139580558,1CH 5:24
Q2338482,1CH 6:4;1CH 6:5;1CH 6:50;EZR 7:5
Q2836764,1CH 6:5;1CH 6:51;EZR 7:4
Q28665879,1CH 6:5;1CH 6:6;1CH 6:51;EZR 7:4
Q114681466,1CH 6:6;1CH 6:51;EZR 7:4
Q2603903,1CH 6:6;1CH 6:7;1CH 6:52;EZR 7:3
Q114878230,1CH 6:7;1CH 6:52
Q2025510,1CH 6:9
Q114905392,1CH 6:9;1CH 6:10
Q1989339,1CH 6:10;1CH 6:11;2CH 26:17;2CH 26:20;EZR 7:3
Q115738659,1CH 6:11;EZR 7:3
Q115738592,1CH 6:11;1CH 6:12;EZR 7:2;NEH 11:11
Q114905239,1CH 6:12;EZR 7:2
Q114905078,1CH 6:12;1CH 6:13;EZR 7:2
Q108612981,1CH 6:13;1CH 6:14;EZR 7:1
Q6176509,1CH 6:14;1CH 6:15;EZR 3:2;EZR 3:8;EZR 5:2;EZR 10:18;HAG 1:1;HAG 1:12;HAG 1:14;HAG 2:2;HAG 2:4;ZEC 6:11
Q117054231,1CH 6:20;1CH 6:43
Q117054240,1CH 6:20;2CH 29:12
Q117054247,1CH 6:21;2CH 29:12
Q117054252,1CH 6:21
Q117054261,1CH 6:21;1CH 6:41
Q5404150,1CH 6:21;1CH 6:41
Q140277255,1CH 6:24
Q139963955,1CH 6:29
Q138714031,1CH 6:29
Q138942251,1CH 6:30
Q140486012,1CH 6:33;1CH 6:39;1CH 15:17;1CH 15:19;1CH 25:1;1CH 25:4;1CH 25:5;1CH 25:6;2CH 5:12;2CH 35:15
Q115053944,1CH 6:35
Q115053965,1CH 6:35
Q123159077,1CH 6:35
Q115054087,1CH 6:36
Q115091007,1CH 6:36
Q115091034,1CH 6:36
Q115091088,1CH 6:36
Q115091142,1CH 6:37
Q115091192,1CH 6:37
Q43280403,1CH 6:39;1CH 15:17;1CH 15:19;1CH 16:5;1CH 16:7;1CH 16:37;1CH 25:1;1CH 25:2;1CH 25:6;1CH 25:9;1CH 26:1;2CH 5:12;2CH 20:14;2CH 29:30;2CH 35:15;EZR 2:41;EZR 3:10;NEH 11:22;NEH 12:46;PSA 50:20;PSA 73:20;PSA 74:28;PSA 75:23;PSA 76:10;PSA 77:12;PSA 78:20;PSA 79:72;PSA 80:13;PSA 81:19;PSA 82:16;PSA 83:8
Q117067059,1CH 6:39;1CH 15:17
Q117066963,1CH 6:39
Q117066407,1CH 6:40
Q117054285,1CH 6:40
Q117054281,1CH 6:40
Q138794179,1CH 6:42
Q133885934,1CH 6:42
Q6416566,1CH 6:44
Q123165803,1CH 6:44
Q138716663,1CH 6:45
Q138722297,1CH 6:46
Q139601774,1CH 6:46
Q140032745,1CH 6:46
Q139270762,1CH 7:2;1CH 7:3
Q140031414,1CH 7:2
Q139270783,1CH 7:7
Q139105278,1CH 7:7
Q138836691,1CH 7:8
Q123168777,1CH 7:8
Q138744777,1CH 7:8
Q138701416,1CH 7:8
Q140316138,1CH 7:10
Q138843766,1CH 7:10
Q139671019,1CH 7:10
Q138690625,1CH 7:10
Q140009792,1CH 7:16
Q139492046,1CH 7:16;1CH 7:17
Q140160297,1CH 7:19
Q138744866,1CH 7:19
Q135979824,1CH 7:20
Q139679044,1CH 7:20
Q139679053,1CH 7:20
Q138848707,1CH 7:21
Q139832399,1CH 7:21
Q29167793,1CH 7:24
Q139592801,1CH 7:25
Q139679239,1CH 7:25
Q139882201,1CH 7:32;1CH 7:34
Q139860046,1CH 7:32
Q138973147,1CH 7:33
Q138656270,1CH 7:34
Q140472085,1CH 7:34
Q138787635,1CH 7:34
Q8074241,1CH 7:35;1CH 7:36
Q140131400,1CH 7:35
Q138710790,1CH 7:35
Q139741844,1CH 7:36
Q139858084,1CH 7:36
Q140289766,1CH 7:37
Q139962196,1CH 7:37
Q140172322,1CH 7:37
Q18225944,1CH 7:38
Q138747292,1CH 7:38
Q9366449,1CH 7:39
Q9158805,1CH 7:39
Q9188858,1CH 7:39
Q11834917,1CH 7:39
Q138610119,1CH 8:3
Q138679387,1CH 8:7
Q138713948,1CH 8:7
Q140320750,1CH 8:8
Q124749788,1CH 8:8
Q138847431,1CH 8:9
Q140472420,1CH 8:10
Q140032875,1CH 8:12
Q140068842,1CH 8:13
Q138713556,1CH 8:14
Q140277274,1CH 8:14
Q138862766,1CH 8:15
Q138747309,1CH 8:15
Q138862788,1CH 8:17
Q138785834,1CH 8:19
Q139008687,1CH 8:19
Q138835356,1CH 8:20
Q138634751,1CH 8:21
Q140355816,1CH 8:21
Q139929149,1CH 8:21
Q139963782,1CH 8:21
Q123165969,1CH 8:23
Q138785848,1CH 8:23
Q138744911,1CH 8:24
Q140289921,1CH 8:26
Q140137996,1CH 8:26
Q139221352,1CH 8:26
Q138785933,1CH 8:27
Q123165968,1CH 8:30;1CH 9:36
Q138714467,1CH 8:30;1CH 9:36
Q139583200,1CH 8:30;1CH 9:36
Q138713654,1CH 8:31;1CH 9:37
Q138778321,1CH 8:31;1CH 9:37
Q139962121,1CH 8:32;1CH 9:38
Q139672422,1CH 8:35;1CH 9:41
Q138701460,1CH 8:36;1CH 9:42
Q139575398,1CH 8:36;1CH 9:42
Q138795191,1CH 8:36;1CH 9:42
Q139574917,1CH 8:37;1CH 8:38;1CH 9:43;1CH 9:44
Q139580941,1CH 8:38;1CH 9:44
Q140247878,1CH 8:38;1CH 9:44
Q139492418,1CH 8:39;1CH 8:40
Q139268185,1CH 9:4
Q138721705,1CH 9:4
Q139601956,1CH 9:4
Q138942280,1CH 9:5
Q125747629,1CH 9:7;NEH 11:7
Q139270825,1CH 9:8
Q140030762,1CH 9:8
Q6176482,1CH 9:10;1CH 24:7
Q138634798,1CH 9:12
Q130306009,1CH 9:12
Q139581847,1CH 9:14;NEH 11:15
Q139601093,1CH 9:15
Q138786777,1CH 9:15
Q140382330,1CH 9:16
Q138912310,1CH 9:16
Q140312599,1CH 9:17
Q138713763,1CH 9:17;EZR 2:42;NEH 7:45;NEH 11:19;NEH 12:25
Q139678428,1CH 9:17;EZR 2:42;NEH 7:45;NEH 11:19;NEH 12:25
Q138720670,1CH 9:17
Q138768325,1CH 9:21
Q2903701,1CH 11:11
Q5410951,1CH 11:26
Q63555805,1CH 11:27;1CH 27:10
Q65303389,1CH 11:29
Q139488705,1CH 11:35
Q138679459,1CH 11:36
Q10343349,1CH 11:37
Q22039166,1CH 11:37
Q138035004,1CH 11:40
Q65303551,1CH 11:41
Q138691037,1CH 11:41
Q65302937,1CH 11:42
Q139890341,1CH 11:42
Q139270941,1CH 11:44
Q140312273,1CH 11:44
Q139928707,1CH 11:45
Q20502064,1CH 12:3
Q140068854,1CH 12:3
Q126009808,1CH 12:3
Q139575444,1CH 12:3
Q140355744,1CH 12:3
Q140133636,1CH 12:5
Q140042758,1CH 12:5
Q140030788,1CH 12:5
Q139383428,1CH 12:6
Q138862794,1CH 12:7
Q139297520,1CH 12:11
Q123159226,1CH 12:18
Q10401400,1CH 12:20
Q138835411,1CH 12:20
Q106546002,1CH 12:27
Q139104470,1CH 15:5;1CH 15:11
Q140044457,1CH 15:8;1CH 15:11
Q138721721,1CH 15:10;1CH 15:11
Q138942310,1CH 15:11
Q3567244,1CH 15:17;1CH 15:19;1CH 16:41;1CH 16:42;1CH 25:1;1CH 25:3;1CH 25:6;2CH 5:12;2CH 29:14;2CH 35:15;PSA 39:22
Q140486113,1CH 15:17
Q140032442,1CH 15:18;1CH 15:20;1CH 16:5
Q139490441,1CH 15:18;1CH 15:20
Q140289012,1CH 15:18;1CH 15:20;1CH 16:5
Q130323174,1CH 15:21
Q140185473,1CH 15:24
Q123159228,1CH 15:24
Q5637565,1CH 18:3;1CH 18:5;1CH 18:7;1CH 18:8;1CH 18:9;1CH 18:10
Q138843527,1CH 23:8;1CH 26:22
Q140130800,1CH 23:9
Q138715703,1CH 23:11
Q6394968,1CH 23:16
Q16595329,1CH 23:17;1CH 26:25
Q138720920,1CH 23:19;1CH 24:23
Q140053753,1CH 24:6
Q140377287,1CH 24:8
Q123168378,1CH 24:10
Q140158789,1CH 24:11
Q140131269,1CH 24:22
Q140289745,1CH 24:24
Q138768384,1CH 24:25
Q140355674,1CH 24:26;1CH 24:27
Q139883648,1CH 24:27
Q138863136,1CH 24:27
Q138863149,1CH 25:2
Q138972247,1CH 25:2;1CH 25:14
Q140486002,1CH 25:3
Q138847635,1CH 25:3
Q140172519,1CH 25:4
Q140472316,1CH 25:4
Q139268271,1CH 25:18
Q133456354,1CH 26:2
Q141017653,1CH 26:4;1CH 26:5;1CH 26:8;1CH 26:15
Q140053768,1CH 26:4;1CH 26:6;1CH 26:7
Q140472345,1CH 26:4
Q140377248,1CH 26:7
Q139928723,1CH 26:10
Q139660799,1CH 26:11
Q138768485,1CH 26:11
Q139847189,1CH 26:16
Q138679908,1CH 26:20
Q138786846,1CH 26:25
Q140130775,1CH 26:25;1CH 26:26;1CH 26:28
Q138863467,1CH 27:2
Q138721781,1CH 27:6
Q138862803,1CH 27:7
Q140312264,1CH 27:8
Q138786901,1CH 27:16
Q140030800,1CH 27:16
Q139580593,1CH 27:19
Q139574690,1CH 27:20
Q139383525,1CH 27:22
Q139575467,1CH 27:25
Q139269000,1CH 27:25
Q139963677,1CH 27:27
Q11955533,1CH 27:27
Q139583253,1CH 27:28
Q139890975,1CH 27:29
Q140288456,1CH 27:29
Q140289071,1CH 27:34
Q114752409,2CH 11:18
Q6182203,2CH 11:18
Q114752196,2CH 11:18
Q123269487,2CH 11:19
Q123269545,2CH 11:19
Q8064608,2CH 11:19
Q139298368,2CH 11:20
Q138715678,2CH 11:20
Q140130979,2CH 11:20
Q114921395,2CH 13:2
Q138780065,2CH 14:9
Q4832269,2CH 15:1;2CH 15:8
Q10340227,2CH 15:1;2CH 15:8
Q140252927,2CH 17:7
Q138768931,2CH 17:7
Q140053796,2CH 17:8
Q138862815,2CH 17:8
Q138936362,2CH 17:8
Q140032487,2CH 17:8
Q138648102,2CH 17:8
Q139571176,2CH 17:8
Q139571156,2CH 17:8
Q138713500,2CH 17:14
Q138704639,2CH 17:16
Q138787064,2CH 17:16
Q138720971,2CH 19:11
Q138862822,2CH 19:11
Q1966067,2CH 20:14
Q138769175,2CH 20:14
Q140303299,2CH 20:14
Q25494966,2CH 20:37
Q116686349,2CH 21:2;2CH 21:4;2CH 21:13
Q116686355,2CH 21:2;2CH 21:4;2CH 21:13
Q116686363,2CH 21:2;2CH 21:4;2CH 21:13
Q116686368,2CH 21:2;2CH 21:4;2CH 21:13
Q116686376,2CH 21:2;2CH 21:4;2CH 21:13
Q116686382,2CH 21:2;2CH 21:4;2CH 21:13
Q139556628,2CH 23:1
Q139556682,2CH 23:1
Q123148948,2CH 23:1
Q123148903,2CH 23:1
Q138787153,2CH 23:1
Q2060131,2CH 24:20;2CH 24:21;2CH 24:22;MAT 23:35;LUK 11:51
Q138769194,2CH 26:5
Q138862846,2CH 27:1
Q138787402,2CH 28:7
Q139582124,2CH 28:7
Q16341302,2CH 28:9
Q139556996,2CH 28:12
Q140382407,2CH 28:12
Q140312702,2CH 28:12
Q138721387,2CH 28:12
Q123159230,2CH 29:12
Q139557277,2CH 29:12
Q123165802,2CH 29:12
Q139557409,2CH 29:12
Q139928732,2CH 29:13
Q138769284,2CH 29:13
Q139963665,2CH 29:14
Q140053814,2CH 29:14
Q139268377,2CH 29:14
Q139567866,2CH 31:10;2CH 31:13
Q140499759,2CH 31:12;2CH 31:13;2CH 35:9
Q139963652,2CH 31:12;2CH 31:13
Q139574764,2CH 31:13
Q138936700,2CH 31:13
Q140303432,2CH 31:13
Q140053826,2CH 31:15
Q138721004,2CH 31:15
Q140158808,2CH 31:15
Q138769478,2CH 34:12
Q138769597,2CH 35:8
Q140053835,2CH 35:9
Q125102,2CH 35:20;2CH 35:21;2CH 35:22;2CH 36:3;2CH 36:4
Q158825,2CH 35:25;2CH 36:12;2CH 36:21;2CH 36:22;EZR 1:1;JER 1:1;JER 1:2;JER 1:11;JER 7:1;JER 11:1;JER 14:1;JER 18:1;JER 18:18;JER 19:14;JER 20:1;JER 20:2;JER 20:3;JER 21:1;JER 21:3;JER 24:3;JER 25:1;JER 25:2;JER 25:13;JER 26:7;JER 26:9;JER 26:12;JER 26:20;JER 26:24;JER 27:1;JER 28:5;JER 28:6;JER 28:10;JER 28:11;JER 28:12;JER 28:15;JER 29:1;JER 29:27;JER 29:29;JER 29:30;JER 30:1;JER 32:1;JER 32:2;JER 32:6;JER 32:26;JER 33:1;JER 33:19;JER 33:23;JER 34:1;JER 34:2;JER 34:6;JER 34:8;JER 34:12;JER 35:1;JER 35:12;JER 35:18;JER 36:1;JER 36:4;JER 36:5;JER 36:8;JER 36:10;JER 36:17;JER 36:19;JER 36:26;JER 36:27;JER 36:32;JER 37:2;JER 37:3;JER 37:4;JER 37:6;JER 37:12;JER 37:14;JER 37:15;JER 37:16;JER 37:17;JER 37:18;JER 37:21;JER 38:1;JER 38:6;JER 38:7;JER 38:9;JER 38:10;JER 38:11;JER 38:12;JER 38:13;JER 38:14;JER 38:15;JER 38:16;JER 38:17;JER 38:19;JER 38:20;JER 38:24;JER 38:27;JER 38:28;JER 39:11;JER 39:14;JER 39:15;JER 40:1;JER 40:2;JER 40:5;JER 40:6;JER 42:2;JER 42:4;JER 42:5;JER 42:7;JER 42:9;JER 43:1;JER 43:2;JER 43:6;JER 43:8;JER 44:1;JER 44:15;JER 44:20;JER 44:24;JER 45:1;JER 45:4;JER 46:1;JER 46:13;JER 47:1;JER 49:34;JER 50:1;JER 51:59;JER 51:60;JER 51:61;JER 51:64;DAN 9:2;MAT 2:17;MAT 16:14;MAT 27:9
Q8423,2CH 36:22;2CH 36:23;EZR 1:1;EZR 1:2;EZR 1:7;EZR 1:8;EZR 3:7;EZR 4:3;EZR 4:5;EZR 5:13;EZR 5:14;EZR 5:17;EZR 6:3;EZR 6:14;ISA 44:28;ISA 45:1;ISA 45:13;DAN 1:21;DAN 6:28;DAN 10:1
Q55649336,EZR 1:8
Q94258346,EZR 1:8;EZR 1:11;EZR 5:14;EZR 5:16
Q6884731,EZR 2:2;NEH 7:7
Q139600850,EZR 2:2;NEH 7:7
Q1577528,EZR 2:3;EZR 8:3;EZR 10:25
Q138782353,EZR 2:5;NEH 7:10
Q7124538,EZR 2:6;EZR 8:4
Q138862840,EZR 2:8;EZR 8:5;EZR 10:27;NEH 7:13
Q139008708,EZR 2:9;NEH 7:14
Q139602752,EZR 2:10;EZR 10:29;NEH 7:15
Q65303005,EZR 2:11;EZR 8:11;EZR 10:28;NEH 7:16
Q139575116,EZR 2:12;EZR 8:12;NEH 7:17
Q139075889,EZR 2:16;NEH 7:21
Q138943655,EZR 2:18;NEH 7:24
Q139115091,EZR 2:42;NEH 7:45
Q139890037,EZR 2:42;NEH 7:45
Q138834645,EZR 2:43;NEH 7:46
Q139691790,EZR 2:43;NEH 7:46
Q139832356,EZR 2:44
Q138713779,EZR 2:45
Q140312286,EZR 2:46;NEH 7:48
Q138713964,EZR 2:49;NEH 7:51
Q138973384,EZR 2:50
Q139601184,EZR 2:51;NEH 7:53
Q140133508,EZR 2:52;NEH 7:54
Q139969310,EZR 2:53;NEH 7:55
Q139780600,EZR 2:53;NEH 7:55
Q139592150,EZR 2:53;NEH 7:55
Q139741904,EZR 2:55;NEH 7:57
Q140030834,EZR 2:57;NEH 7:59
Q138721677,EZR 2:57;NEH 7:59
Q139571166,EZR 2:60
Q140047323,EZR 2:61;NEH 7:63
Q783824,EZR 3:2;EZR 3:8;EZR 3:9;EZR 4:3;EZR 5:2;EZR 10:18;NEH 12:10;NEH 12:26;HAG 1:1;HAG 1:12;HAG 1:14;HAG 2:2;HAG 2:4;ZEC 3:1;ZEC 3:2;ZEC 3:3;ZEC 3:4;ZEC 3:6;ZEC 3:8;ZEC 3:9;ZEC 6:11
Q44387,EZR 4:5;EZR 4:24;EZR 5:5;EZR 5:6;EZR 5:7;EZR 5:8;EZR 5:17;EZR 6:1;EZR 6:6;EZR 6:10;EZR 6:12;EZR 6:13;EZR 6:14;EZR 6:15;HAG 1:1;HAG 1:15;HAG 2:10;ZEC 1:1;ZEC 7:1
Q129165,EZR 4:6;EST 1:1;EST 1:2;EST 1:3;EST 1:5;EST 1:7;EST 1:8;EST 1:9;EST 1:10;EST 1:12;EST 1:13;EST 1:14;EST 1:15;EST 1:16;EST 1:17;EST 1:19;EST 1:20;EST 1:21;EST 2:1;EST 2:2;EST 2:3;EST 2:4;EST 2:12;EST 2:13;EST 2:14;EST 2:15;EST 2:16;EST 2:17;EST 2:18;EST 2:21;EST 2:22;EST 2:23;EST 3:1;EST 3:2;EST 3:3;EST 3:6;EST 3:7;EST 3:8;EST 3:9;EST 3:10;EST 3:11;EST 3:12;EST 3:15;EST 4:8;EST 4:11;EST 4:16;EST 5:1;EST 5:2;EST 5:3;EST 5:4;EST 5:5;EST 5:6;EST 5:8;EST 5:11;EST 5:12;EST 5:14;EST 6:1;EST 6:2;EST 6:3;EST 6:4;EST 6:5;EST 6:6;EST 6:7;EST 6:8;EST 6:9;EST 6:10;EST 6:11;EST 7:1;EST 7:2;EST 7:3;EST 7:4;EST 7:5;EST 7:6;EST 7:7;EST 7:8;EST 7:9;EST 7:10;EST 8:1;EST 8:2;EST 8:3;EST 8:4;EST 8:5;EST 8:7;EST 8:8;EST 8:10;EST 8:11;EST 8:12;EST 8:14;EST 8:15;EST 9:2;EST 9:11;EST 9:13;EST 9:14;EST 9:20;EST 9:25;EST 9:30;EST 10:1;EST 10:2;EST 10:3
Q189689,EZR 4:7;EZR 4:8;EZR 4:11;EZR 4:12;EZR 4:13;EZR 4:14;EZR 4:16;EZR 4:17;EZR 4:23;EZR 7:1;EZR 7:7;EZR 7:8;EZR 7:11;EZR 7:12;EZR 7:21;EZR 7:23;EZR 7:26;EZR 7:27;EZR 7:28;EZR 8:1;EZR 8:22;EZR 8:25;EZR 8:36;NEH 1:11;NEH 2:1;NEH 2:2;NEH 2:3;NEH 2:4;NEH 2:5;NEH 2:6;NEH 2:7;NEH 2:8;NEH 2:9;NEH 2:18;NEH 2:19;NEH 5:14;NEH 13:6
Q104783764,EZR 4:7
Q131782870,EZR 4:8;EZR 4:9;EZR 4:17;EZR 4:23
Q136374598,EZR 4:8;EZR 4:9;EZR 4:17;EZR 4:23
Q171191,EZR 4:10
Q1613144,EZR 5:1;EZR 6:14;HAG 1:1;HAG 1:3;HAG 1:12;HAG 1:13;HAG 2:1;HAG 2:10;HAG 2:13;HAG 2:14;HAG 2:20
Q1641601,EZR 5:3;EZR 5:6;EZR 6:6;EZR 6:13
Q56433512,EZR 5:3;EZR 5:6;EZR 6:6;EZR 6:13
Q191787,EZR 7:1;EZR 7:6;EZR 7:8;EZR 7:10;EZR 7:11;EZR 7:12;EZR 7:21;EZR 7:25;EZR 10:1;EZR 10:2;EZR 10:5;EZR 10:6;EZR 10:10;EZR 10:16;NEH 8:1;NEH 8:2;NEH 8:3;NEH 8:4;NEH 8:5;NEH 8:6;NEH 8:9;NEH 8:13;NEH 8:18;NEH 12:1;NEH 12:26;NEH 12:33;NEH 12:36
Q140158813,EZR 8:3
Q138769656,EZR 8:3
Q138836624,EZR 8:4
Q140158822,EZR 8:5
Q61895312,EZR 8:6
Q139292947,EZR 8:7
Q138862830,EZR 8:8
Q140130891,EZR 8:10
Q138771285,EZR 8:11
Q140053892,EZR 8:13
Q139268203,EZR 8:14
Q138863157,EZR 8:14
Q138845234,EZR 8:16
Q138771771,EZR 8:16
Q140184305,EZR 8:18;EZR 8:24
Q139104404,EZR 8:33
Q5354451,EZR 8:33
Q140158844,EZR 10:2
Q138950701,EZR 10:15
Q139585866,EZR 10:15
Q140320796,EZR 10:15
Q138862838,EZR 10:20
Q140053938,EZR 10:21
Q139269104,EZR 10:21
Q139963579,EZR 10:23
Q140312907,EZR 10:24
Q139592569,EZR 10:24
Q139488808,EZR 10:24
Q140303575,EZR 10:25
Q138771951,EZR 10:26
Q123165801,EZR 10:26
Q138848751,EZR 10:27
Q139575318,EZR 10:27
Q8063457,EZR 10:28
Q139297405,EZR 10:28
Q138634837,EZR 10:29
Q140248039,EZR 10:29
Q138706939,EZR 10:30
Q140303648,EZR 10:30
Q140053948,EZR 10:31
Q139931507,EZR 10:31
Q140316285,EZR 10:32
Q140042772,EZR 10:32
Q138848768,EZR 10:33
Q139963567,EZR 10:33
Q123168995,EZR 10:34
Q123168982,EZR 10:34
Q139495844,EZR 10:34
Q140303687,EZR 10:35
Q14925218,EZR 10:36
Q139963558,EZR 10:38
Q139693986,EZR 10:38
Q140131794,EZR 10:39
Q123148835,EZR 10:39
Q140277282,EZR 10:40
Q140288225,EZR 10:40
Q139383580,EZR 10:41
Q140131733,EZR 10:41
Q140042780,EZR 10:41
Q140312919,EZR 10:42
Q138721030,EZR 10:42
Q138848774,EZR 10:43
Q139008353,EZR 10:43
Q140303735,EZR 10:43
Q1025598,NEH 1:1;NEH 2:5;NEH 8:9;NEH 8:10;NEH 10:1;NEH 12:26;NEH 12:47
Q5637034,NEH 1:1;NEH 10:1
Q137798603,NEH 1:2;NEH 7:2
Q131753159,NEH 2:8
Q751918,NEH 2:10;NEH 2:19;NEH 4:1;NEH 4:7;NEH 6:1;NEH 6:2;NEH 6:5;NEH 6:12;NEH 6:14;NEH 13:28
Q4201578,NEH 2:10;NEH 2:19;NEH 4:3;NEH 4:7;NEH 6:1;NEH 6:12;NEH 6:14;NEH 6:17;NEH 6:19
Q4290819,NEH 2:19;NEH 6:1;NEH 6:2
Q9252723,NEH 3:1;NEH 3:2;NEH 3:20;NEH 3:21;NEH 12:10;NEH 12:22;NEH 12:23;NEH 13:4;NEH 13:7;NEH 13:28
Q135646994,NEH 3:1;NEH 12:39;JER 31:38;ZEC 14:10
Q137798632,NEH 3:2
Q138862854,NEH 3:4
Q139591988,NEH 3:4
Q139268424,NEH 3:8
Q140312932,NEH 3:12
Q140312947,NEH 3:15
Q139574817,NEH 3:16
Q131782877,NEH 3:17
Q139694004,NEH 3:17
Q140133383,NEH 3:18
Q139969885,NEH 3:20
Q138862662,NEH 3:20
Q140316308,NEH 3:23
Q139567993,NEH 3:23;NEH 3:24
Q138727580,NEH 3:23
Q138862863,NEH 3:29
Q140131632,NEH 3:30
Q139008748,NEH 3:30
Q137798637,NEH 6:10
Q112991274,NEH 6:14
Q140160096,NEH 6:18
Q138757378,NEH 6:18
Q65303198,NEH 7:2
Q139741971,NEH 7:57
Q140068852,NEH 8:4
Q138716465,NEH 8:4
Q139104438,NEH 8:4
Q138772237,NEH 8:4
Q139694083,NEH 8:7;NEH 9:4;NEH 9:5;NEH 10:13
Q140184315,NEH 8:7;NEH 9:4;NEH 9:5;NEH 10:12
Q138713794,NEH 8:7
Q140320787,NEH 8:7
Q139568083,NEH 8:7
Q140185477,NEH 9:4;NEH 9:5;NEH 10:10
Q139694166,NEH 9:4
Q125503923,NEH 9:4
Q138720623,NEH 10:1
Q138721112,NEH 10:3
Q140185493,NEH 10:4
Q140047142,NEH 10:6
Q139383032,NEH 10:9
Q138863187,NEH 10:12
Q140185502,NEH 10:12
Q140315804,NEH 10:13
Q138862844,NEH 10:14
Q139799192,NEH 10:14
Q139575205,NEH 10:15
Q140146976,NEH 10:15
Q138648164,NEH 10:16
Q139118559,NEH 10:17
Q139582348,NEH 10:17
Q138744799,NEH 10:19
Q138862880,NEH 10:21
Q139884166,NEH 10:24
Q138726143,NEH 10:26
Q139600900,NEH 10:27
Q139216041,NEH 11:4
Q139269155,NEH 11:4
Q138772286,NEH 11:4
Q138721154,NEH 11:4
Q140030848,NEH 11:4
Q140047193,NEH 11:5
Q138640478,NEH 11:5
Q138772321,NEH 11:5
Q140472446,NEH 11:8
Q138792911,NEH 11:9
Q138722307,NEH 11:12
Q138772355,NEH 11:12
Q138863473,NEH 11:14
Q140320763,NEH 11:16
Q139601236,NEH 11:17
Q138834681,NEH 11:21
Q139270863,NEH 11:22
Q139799251,NEH 11:22
Q140472461,NEH 12:7;NEH 12:20
Q139490514,NEH 12:9
Q11979099,NEH 12:10;NEH 12:12;NEH 12:26
Q6268944,NEH 12:10;NEH 12:11;NEH 12:22;NEH 13:28
Q6215520,NEH 12:11;NEH 12:22;NEH 12:23
Q2723012,NEH 12:11;NEH 12:22
Q138713100,NEH 12:15
Q138772663,NEH 12:16
Q138792923,NEH 12:17
Q139270899,NEH 12:19
Q138722243,NEH 12:20
Q140316349,NEH 12:34
Q138772765,NEH 12:35
Q139383649,NEH 12:36
Q138772799,NEH 12:41
Q139270923,NEH 12:42
Q140131608,NEH 13:13
Q138862884,NEH 13:13
Q138863241,NEH 13:13
Q1889603,EST 1:9;EST 1:11;EST 1:12;EST 1:15;EST 1:16;EST 1:17;EST 1:18;EST 1:19;EST 2:1;EST 2:4;EST 2:17
Q1917635,EST 1:10
Q141486011,EST 1:10
Q6578364,EST 1:10;EST 7:9
Q859753,EST 1:10
Q304781,EST 1:10
Q2274631,EST 1:10
Q115859316,EST 1:10
Q123754572,EST 1:14
Q123754610,EST 1:14
Q123754589,EST 1:14
Q123569643,EST 1:14
Q137798754,EST 1:14
Q137798757,EST 1:14
Q10328578,EST 1:14;EST 1:16;EST 1:21
Q5698294,EST 2:3;EST 2:8;EST 2:15
Q1136380,EST 2:5;EST 2:7;EST 2:10;EST 2:11;EST 2:15;EST 2:19;EST 2:20;EST 2:21;EST 2:22;EST 3:2;EST 3:3;EST 3:4;EST 3:5;EST 3:6;EST 4:1;EST 4:4;EST 4:5;EST 4:6;EST 4:7;EST 4:8;EST 4:9;EST 4:10;EST 4:12;EST 4:15;EST 4:17;EST 5:9;EST 5:13;EST 5:14;EST 6:2;EST 6:3;EST 6:4;EST 6:10;EST 6:11;EST 6:12;EST 6:13;EST 7:9;EST 7:10;EST 8:1;EST 8:2;EST 8:7;EST 8:9;EST 8:10;EST 8:15;EST 9:3;EST 9:4;EST 9:20;EST 9:23;EST 9:29;EST 9:30;EST 9:31;EST 10:2;EST 10:3
Q85853547,EST 2:5
Q123128651,EST 2:5
Q123128660,EST 2:5
Q732413,EST 2:7;EST 2:8;EST 2:9;EST 2:10;EST 2:11;EST 2:15;EST 2:17;EST 2:18;EST 2:20;EST 2:22;EST 4:4;EST 4:5;EST 4:8;EST 4:9;EST 4:10;EST 4:12;EST 4:15;EST 4:17;EST 5:1;EST 5:2;EST 5:3;EST 5:4;EST 5:5;EST 5:6;EST 5:7;EST 5:12;EST 6:14;EST 7:1;EST 7:2;EST 7:3;EST 7:5;EST 7:6;EST 7:7;EST 7:8;EST 8:1;EST 8:2;EST 8:3;EST 8:4;EST 8:7;EST 9:12;EST 9:13;EST 9:29;EST 9:31;EST 9:32
Q131840721,EST 2:7;EST 2:15;EST 9:29
Q133500750,EST 2:14
Q2776580,EST 2:21;EST 2:23;EST 6:2
Q137798776,EST 2:21;EST 2:23;EST 6:2
Q650680,EST 3:1;EST 3:2;EST 3:4;EST 3:5;EST 3:7;EST 3:8;EST 3:10;EST 3:11;EST 3:12;EST 3:15;EST 4:7;EST 5:4;EST 5:5;EST 5:8;EST 5:9;EST 5:10;EST 5:11;EST 5:12;EST 5:14;EST 6:4;EST 6:5;EST 6:6;EST 6:7;EST 6:10;EST 6:11;EST 6:12;EST 6:13;EST 6:14;EST 7:1;EST 7:6;EST 7:7;EST 7:8;EST 7:9;EST 7:10;EST 8:1;EST 8:2;EST 8:3;EST 8:5;EST 8:7;EST 9:10;EST 9:12;EST 9:13;EST 9:14;EST 9:24;EST 9:25
Q1424200,EST 3:1;EST 3:10;EST 8:5;EST 9:10;EST 9:24
Q6542762,EST 4:5;EST 4:6;EST 4:8;EST 4:9;EST 4:10
Q939384,EST 5:10;EST 5:14;EST 6:13
Q141486102,EST 9:7;EST 9:10;EST 9:12;EST 9:13;EST 9:14
Q141486103,EST 9:7;EST 9:10;EST 9:12;EST 9:13;EST 9:14
Q138973522,EST 9:7;EST 9:10;EST 9:12;EST 9:13;EST 9:14
Q141486105,EST 9:8;EST 9:10;EST 9:12;EST 9:13;EST 9:14
Q141486106,EST 9:8;EST 9:10;EST 9:12;EST 9:13;EST 9:14
Q138840184,EST 9:8;EST 9:10;EST 9:12;EST 9:13;EST 9:14
Q141486107,EST 9:9;EST 9:10;EST 9:12;EST 9:13;EST 9:14
Q138845284,EST 9:9;EST 9:10;EST 9:12;EST 9:13;EST 9:14
Q138839979,EST 9:9;EST 9:10;EST 9:12;EST 9:13;EST 9:14
Q133538725,EST 9:9;EST 9:10;EST 9:12;EST 9:13;EST 9:14
Q179962,JOB 1:1;JOB 1:3;JOB 1:4;JOB 1:5;JOB 1:8;JOB 1:9;JOB 1:13;JOB 1:14;JOB 1:20;JOB 1:22;JOB 2:3;JOB 2:7;JOB 2:8;JOB 2:9;JOB 2:10;JOB 2:11;JOB 2:12;JOB 3:1;JOB 6:1;JOB 9:1;JOB 12:1;JOB 16:1;JOB 19:1;JOB 21:1;JOB 23:1;JOB 26:1;JOB 27:1;JOB 29:1;JOB 31:40;JOB 32:1;JOB 32:2;JOB 32:3;JOB 32:4;JOB 32:12;JOB 32:14;JOB 32:15;JOB 33:1;JOB 33:31;JOB 34:5;JOB 34:7;JOB 34:35;JOB 34:36;JOB 35:16;JOB 37:14;JOB 38:1;JOB 40:1;JOB 40:3;JOB 40:6;JOB 42:1;JOB 42:7;JOB 42:8;JOB 42:9;JOB 42:10;JOB 42:12;JOB 42:15;JOB 42:16;JOB 42:17;EZK 14:14;EZK 14:20;JAS 5:11
Q16070970,JOB 2:9
Q3781157,JOB 2:11;JOB 4:1;JOB 15:1;JOB 22:1;JOB 32:3;JOB 32:5;JOB 32:15;JOB 42:7;JOB 42:9;JOB 42:10
Q2776374,JOB 2:11;JOB 8:1;JOB 18:1;JOB 25:1;JOB 32:3;JOB 32:5;JOB 32:15;JOB 42:7;JOB 42:9;JOB 42:10
Q3867348,JOB 2:11;JOB 11:1;JOB 20:1;JOB 32:3;JOB 32:5;JOB 32:15;JOB 42:7;JOB 42:9;JOB 42:10
Q471388,JOB 32:2;JOB 32:4;JOB 32:6;JOB 34:1;JOB 35:1;JOB 36:1
Q130283101,JOB 32:2;JOB 32:6
Q131919356,JOB 32:2
Q3107413,JOB 42:14;JOB 42:15
Q1478110,JOB 42:14;JOB 42:15
Q3201131,JOB 42:14;JOB 42:15
Q123169391,PSA 7:10
Q3307159,PSA 88:7
Q302,PSA 118:22;ISA 7:14;ISA 9:2;ISA 9:6;ISA 11:1;ISA 11:10;ISA 42:1;ISA 52:13;ISA 53:11;JER 23:5;JER 33:15;DAN 9:25;DAN 9:26;HOS 11:1;MIC 2:13;MIC 5:2;ZEC 3:8;ZEC 9:9;ZEC 13:7;MAL 3:1;MAT 1:1;MAT 1:16;MAT 1:17;MAT 1:18;MAT 1:21;MAT 1:25;MAT 2:1;MAT 2:8;MAT 2:9;MAT 2:11;MAT 2:13;MAT 2:14;MAT 2:20;MAT 2:21;MAT 3:13;MAT 3:15;MAT 3:16;MAT 4:1;MAT 4:4;MAT 4:7;MAT 4:10;MAT 4:12;MAT 4:17;MAT 4:18;MAT 4:19;MAT 4:21;MAT 4:23;MAT 5:1;MAT 7:28;MAT 8:1;MAT 8:3;MAT 8:4;MAT 8:5;MAT 8:7;MAT 8:10;MAT 8:13;MAT 8:14;MAT 8:16;MAT 8:18;MAT 8:20;MAT 8:22;MAT 8:24;MAT 8:26;MAT 8:28;MAT 8:29;MAT 8:31;MAT 8:34;MAT 9:1;MAT 9:2;MAT 9:4;MAT 9:6;MAT 9:9;MAT 9:10;MAT 9:12;MAT 9:14;MAT 9:15;MAT 9:18;MAT 9:19;MAT 9:22;MAT 9:23;MAT 9:25;MAT 9:27;MAT 9:28;MAT 9:30;MAT 9:32;MAT 9:35;MAT 10:1;MAT 10:4;MAT 10:5;MAT 10:23;MAT 11:1;MAT 11:2;MAT 11:4;MAT 11:7;MAT 11:19;MAT 11:20;MAT 11:25;MAT 12:1;MAT 12:3;MAT 12:8;MAT 12:9;MAT 12:10;MAT 12:13;MAT 12:14;MAT 12:15;MAT 12:22;MAT 12:25;MAT 12:32;MAT 12:39;MAT 12:40;MAT 12:46;MAT 12:48;MAT 13:1;MAT 13:10;MAT 13:24;MAT 13:34;MAT 13:36;MAT 13:37;MAT 13:41;MAT 13:53;MAT 13:57;MAT 14:1;MAT 14:12;MAT 14:13;MAT 14:16;MAT 14:18;MAT 14:22;MAT 14:25;MAT 14:27;MAT 14:29;MAT 14:31;MAT 14:35;MAT 15:1;MAT 15:3;MAT 15:10;MAT 15:13;MAT 15:16;MAT 15:21;MAT 15:23;MAT 15:26;MAT 15:28;MAT 15:29;MAT 15:32;MAT 15:34;MAT 15:39;MAT 16:1;MAT 16:6;MAT 16:8;MAT 16:13;MAT 16:15;MAT 16:17;MAT 16:21;MAT 16:23;MAT 16:24;MAT 16:27;MAT 16:28;MAT 17:1;MAT 17:3;MAT 17:4;MAT 17:7;MAT 17:8;MAT 17:9;MAT 17:11;MAT 17:12;MAT 17:14;MAT 17:17;MAT 17:18;MAT 17:19;MAT 17:22;MAT 17:25;MAT 17:26;MAT 18:1;MAT 18:2;MAT 18:10;MAT 18:21;MAT 18:22;MAT 19:1;MAT 19:4;MAT 19:8;MAT 19:13;MAT 19:14;MAT 19:16;MAT 19:17;MAT 19:18;MAT 19:21;MAT 19:23;MAT 19:26;MAT 19:28;MAT 20:17;MAT 20:18;MAT 20:20;MAT 20:22;MAT 20:23;MAT 20:25;MAT 20:28;MAT 20:30;MAT 20:32;MAT 20:34;MAT 21:1;MAT 21:6;MAT 21:7;MAT 21:10;MAT 21:11;MAT 21:12;MAT 21:16;MAT 21:18;MAT 21:21;MAT 21:23;MAT 21:24;MAT 21:27;MAT 21:31;MAT 21:42;MAT 21:45;MAT 22:1;MAT 22:15;MAT 22:18;MAT 22:21;MAT 22:23;MAT 22:29;MAT 22:34;MAT 22:37;MAT 22:41;MAT 22:43;MAT 23:1;MAT 24:1;MAT 24:3;MAT 24:4;MAT 24:27;MAT 24:30;MAT 24:36;MAT 24:37;MAT 24:39;MAT 24:44;MAT 25:31;MAT 26:1;MAT 26:2;MAT 26:4;MAT 26:6;MAT 26:10;MAT 26:16;MAT 26:17;MAT 26:18;MAT 26:19;MAT 26:20;MAT 26:22;MAT 26:23;MAT 26:24;MAT 26:25;MAT 26:26;MAT 26:31;MAT 26:34;MAT 26:36;MAT 26:40;MAT 26:43;MAT 26:45;MAT 26:47;MAT 26:49;MAT 26:50;MAT 26:51;MAT 26:52;MAT 26:55;MAT 26:57;MAT 26:59;MAT 26:63;MAT 26:64;MAT 26:69;MAT 26:71;MAT 26:75;MAT 27:1;MAT 27:3;MAT 27:11;MAT 27:14;MAT 27:17;MAT 27:18;MAT 27:20;MAT 27:22;MAT 27:26;MAT 27:27;MAT 27:32;MAT 27:37;MAT 27:46;MAT 27:48;MAT 27:50;MAT 27:53;MAT 27:54;MAT 27:55;MAT 27:57;MAT 27:58;MAT 28:5;MAT 28:9;MAT 28:10;MAT 28:16;MAT 28:18;MRK 1:1;MRK 1:3;MRK 1:7;MRK 1:9;MRK 1:10;MRK 1:11;MRK 1:12;MRK 1:14;MRK 1:16;MRK 1:17;MRK 1:20;MRK 1:21;MRK 1:24;MRK 1:25;MRK 1:28;MRK 1:29;MRK 1:30;MRK 1:32;MRK 1:35;MRK 1:38;MRK 1:40;MRK 1:41;MRK 1:43;MRK 1:45;MRK 2:1;MRK 2:2;MRK 2:4;MRK 2:5;MRK 2:8;MRK 2:10;MRK 2:13;MRK 2:15;MRK 2:16;MRK 2:17;MRK 2:18;MRK 2:19;MRK 2:20;MRK 2:23;MRK 2:25;MRK 2:27;MRK 2:28;MRK 3:1;MRK 3:2;MRK 3:3;MRK 3:5;MRK 3:6;MRK 3:7;MRK 3:9;MRK 3:13;MRK 3:19;MRK 3:20;MRK 3:23;MRK 3:30;MRK 3:31;MRK 3:33;MRK 4:1;MRK 4:9;MRK 4:10;MRK 4:13;MRK 4:21;MRK 4:26;MRK 4:33;MRK 4:36;MRK 4:38;MRK 4:39;MRK 5:2;MRK 5:6;MRK 5:7;MRK 5:8;MRK 5:9;MRK 5:10;MRK 5:12;MRK 5:15;MRK 5:17;MRK 5:19;MRK 5:20;MRK 5:21;MRK 5:22;MRK 5:24;MRK 5:27;MRK 5:30;MRK 5:34;MRK 5:35;MRK 5:36;MRK 5:38;MRK 5:41;MRK 5:43;MRK 6:1;MRK 6:2;MRK 6:3;MRK 6:4;MRK 6:7;MRK 6:14;MRK 6:30;MRK 6:34;MRK 6:35;MRK 6:37;MRK 6:39;MRK 6:41;MRK 6:45;MRK 6:47;MRK 6:48;MRK 6:50;MRK 6:54;MRK 7:1;MRK 7:5;MRK 7:6;MRK 7:14;MRK 7:17;MRK 7:24;MRK 7:25;MRK 7:26;MRK 7:29;MRK 7:31;MRK 7:32;MRK 7:33;MRK 7:36;MRK 8:1;MRK 8:5;MRK 8:7;MRK 8:9;MRK 8:11;MRK 8:12;MRK 8:17;MRK 8:22;MRK 8:25;MRK 8:26;MRK 8:27;MRK 8:29;MRK 8:30;MRK 8:31;MRK 8:33;MRK 8:34;MRK 8:38;MRK 9:1;MRK 9:2;MRK 9:4;MRK 9:5;MRK 9:7;MRK 9:8;MRK 9:9;MRK 9:11;MRK 9:12;MRK 9:15;MRK 9:19;MRK 9:20;MRK 9:21;MRK 9:23;MRK 9:25;MRK 9:27;MRK 9:28;MRK 9:29;MRK 9:30;MRK 9:31;MRK 9:33;MRK 9:35;MRK 9:38;MRK 9:39;MRK 9:41;MRK 10:1;MRK 10:5;MRK 10:10;MRK 10:13;MRK 10:14;MRK 10:17;MRK 10:18;MRK 10:20;MRK 10:21;MRK 10:23;MRK 10:24;MRK 10:27;MRK 10:29;MRK 10:32;MRK 10:33;MRK 10:35;MRK 10:38;MRK 10:39;MRK 10:42;MRK 10:45;MRK 10:46;MRK 10:47;MRK 10:48;MRK 10:49;MRK 10:50;MRK 10:51;MRK 10:52;MRK 11:1;MRK 11:6;MRK 11:7;MRK 11:11;MRK 11:12;MRK 11:15;MRK 11:17;MRK 11:19;MRK 11:21;MRK 11:22;MRK 11:27;MRK 11:29;MRK 11:33;MRK 12:1;MRK 12:12;MRK 12:13;MRK 12:14;MRK 12:15;MRK 12:17;MRK 12:18;MRK 12:19;MRK 12:24;MRK 12:28;MRK 12:29;MRK 12:32;MRK 12:34;MRK 12:35;MRK 12:38;MRK 12:41;MRK 12:43;MRK 13:1;MRK 13:2;MRK 13:3;MRK 13:5;MRK 14:1;MRK 14:3;MRK 14:6;MRK 14:10;MRK 14:11;MRK 14:12;MRK 14:14;MRK 14:16;MRK 14:17;MRK 14:18;MRK 14:21;MRK 14:22;MRK 14:27;MRK 14:30;MRK 14:32;MRK 14:37;MRK 14:40;MRK 14:41;MRK 14:43;MRK 14:45;MRK 14:46;MRK 14:48;MRK 14:51;MRK 14:53;MRK 14:55;MRK 14:56;MRK 14:60;MRK 14:61;MRK 14:62;MRK 14:67;MRK 14:71;MRK 14:72;MRK 15:1;MRK 15:2;MRK 15:5;MRK 15:9;MRK 15:10;MRK 15:12;MRK 15:15;MRK 15:16;MRK 15:18;MRK 15:21;MRK 15:22;MRK 15:27;MRK 15:32;MRK 15:34;MRK 15:36;MRK 15:37;MRK 15:39;MRK 15:41;MRK 15:43;MRK 15:44;MRK 15:46;MRK 16:1;MRK 16:6;MRK 16:9;MRK 16:11;MRK 16:12;MRK 16:14;MRK 16:19;LUK 1:31;LUK 1:32;LUK 1:35;LUK 1:42;LUK 1:43;LUK 1:76;LUK 1:78;LUK 2:6;LUK 2:7;LUK 2:11;LUK 2:12;LUK 2:16;LUK 2:17;LUK 2:21;LUK 2:26;LUK 2:27;LUK 2:33;LUK 2:34;LUK 2:38;LUK 2:39;LUK 2:40;LUK 2:43;LUK 2:48;LUK 2:52;LUK 3:21;LUK 3:22;LUK 3:23;LUK 4:1;LUK 4:4;LUK 4:8;LUK 4:12;LUK 4:14;LUK 4:16;LUK 4:23;LUK 4:30;LUK 4:34;LUK 4:35;LUK 4:37;LUK 4:38;LUK 4:40;LUK 4:41;LUK 4:42;LUK 4:43;LUK 5:1;LUK 5:3;LUK 5:4;LUK 5:8;LUK 5:10;LUK 5:12;LUK 5:13;LUK 5:14;LUK 5:15;LUK 5:17;LUK 5:18;LUK 5:19;LUK 5:20;LUK 5:22;LUK 5:27;LUK 5:29;LUK 5:31;LUK 5:34;LUK 5:35;LUK 6:1;LUK 6:3;LUK 6:5;LUK 6:6;LUK 6:7;LUK 6:8;LUK 6:9;LUK 6:11;LUK 6:12;LUK 6:17;LUK 6:20;LUK 6:39;LUK 7:1;LUK 7:3;LUK 7:4;LUK 7:6;LUK 7:9;LUK 7:11;LUK 7:15;LUK 7:17;LUK 7:19;LUK 7:20;LUK 7:21;LUK 7:24;LUK 7:34;LUK 7:36;LUK 7:37;LUK 7:39;LUK 7:40;LUK 7:43;LUK 7:48;LUK 7:50;LUK 8:1;LUK 8:4;LUK 8:8;LUK 8:19;LUK 8:22;LUK 8:24;LUK 8:27;LUK 8:28;LUK 8:29;LUK 8:30;LUK 8:31;LUK 8:32;LUK 8:35;LUK 8:37;LUK 8:38;LUK 8:39;LUK 8:40;LUK 8:42;LUK 8:44;LUK 8:45;LUK 8:46;LUK 8:48;LUK 8:49;LUK 8:50;LUK 8:52;LUK 8:54;LUK 8:56;LUK 9:1;LUK 9:9;LUK 9:10;LUK 9:12;LUK 9:13;LUK 9:16;LUK 9:18;LUK 9:20;LUK 9:21;LUK 9:22;LUK 9:23;LUK 9:26;LUK 9:28;LUK 9:30;LUK 9:32;LUK 9:33;LUK 9:35;LUK 9:36;LUK 9:37;LUK 9:38;LUK 9:41;LUK 9:42;LUK 9:43;LUK 9:44;LUK 9:47;LUK 9:50;LUK 9:51;LUK 9:55;LUK 9:57;LUK 9:58;LUK 9:60;LUK 9:62;LUK 10:17;LUK 10:21;LUK 10:23;LUK 10:25;LUK 10:26;LUK 10:28;LUK 10:29;LUK 10:30;LUK 10:37;LUK 10:38;LUK 10:39;LUK 10:40;LUK 10:41;LUK 11:1;LUK 11:2;LUK 11:5;LUK 11:14;LUK 11:17;LUK 11:27;LUK 11:29;LUK 11:30;LUK 11:37;LUK 11:38;LUK 11:45;LUK 11:53;LUK 12:1;LUK 12:13;LUK 12:14;LUK 12:22;LUK 12:41;LUK 12:42;LUK 12:54;LUK 13:1;LUK 13:6;LUK 13:10;LUK 13:12;LUK 13:14;LUK 13:15;LUK 13:17;LUK 13:18;LUK 13:22;LUK 13:23;LUK 13:31;LUK 13:32;LUK 14:1;LUK 14:3;LUK 14:4;LUK 14:7;LUK 14:12;LUK 14:15;LUK 14:16;LUK 14:25;LUK 15:1;LUK 15:3;LUK 15:11;LUK 16:1;LUK 16:14;LUK 17:1;LUK 17:5;LUK 17:6;LUK 17:11;LUK 17:14;LUK 17:16;LUK 17:17;LUK 17:19;LUK 17:20;LUK 17:22;LUK 17:24;LUK 17:26;LUK 17:30;LUK 17:37;LUK 18:1;LUK 18:8;LUK 18:15;LUK 18:16;LUK 18:18;LUK 18:19;LUK 18:22;LUK 18:24;LUK 18:27;LUK 18:29;LUK 18:31;LUK 18:35;LUK 18:37;LUK 18:38;LUK 18:39;LUK 18:40;LUK 18:41;LUK 18:42;LUK 18:43;LUK 19:1;LUK 19:3;LUK 19:4;LUK 19:5;LUK 19:8;LUK 19:9;LUK 19:10;LUK 19:11;LUK 19:28;LUK 19:31;LUK 19:32;LUK 19:34;LUK 19:35;LUK 19:38;LUK 19:39;LUK 19:41;LUK 19:45;LUK 19:47;LUK 20:1;LUK 20:3;LUK 20:8;LUK 20:17;LUK 20:19;LUK 20:21;LUK 20:23;LUK 20:25;LUK 20:28;LUK 20:34;LUK 20:39;LUK 20:41;LUK 20:45;LUK 21:1;LUK 21:5;LUK 21:7;LUK 21:8;LUK 21:27;LUK 21:29;LUK 21:36;LUK 21:37;LUK 22:2;LUK 22:4;LUK 22:6;LUK 22:8;LUK 22:11;LUK 22:13;LUK 22:14;LUK 22:22;LUK 22:25;LUK 22:33;LUK 22:34;LUK 22:35;LUK 22:39;LUK 22:45;LUK 22:47;LUK 22:48;LUK 22:49;LUK 22:51;LUK 22:52;LUK 22:54;LUK 22:61;LUK 22:63;LUK 22:66;LUK 22:67;LUK 22:69;LUK 22:70;LUK 23:1;LUK 23:2;LUK 23:3;LUK 23:4;LUK 23:7;LUK 23:8;LUK 23:9;LUK 23:14;LUK 23:18;LUK 23:20;LUK 23:22;LUK 23:23;LUK 23:25;LUK 23:26;LUK 23:28;LUK 23:32;LUK 23:34;LUK 23:38;LUK 23:41;LUK 23:42;LUK 23:43;LUK 23:46;LUK 23:49;LUK 23:52;LUK 23:55;LUK 24:3;LUK 24:7;LUK 24:15;LUK 24:19;LUK 24:23;LUK 24:25;LUK 24:31;LUK 24:34;LUK 24:35;LUK 24:36;LUK 24:38;LUK 24:44;LUK 24:50;JHN 1:1;JHN 1:5;JHN 1:7;JHN 1:8;JHN 1:9;JHN 1:14;JHN 1:17;JHN 1:18;JHN 1:26;JHN 1:29;JHN 1:34;JHN 1:36;JHN 1:37;JHN 1:38;JHN 1:40;JHN 1:42;JHN 1:43;JHN 1:45;JHN 1:47;JHN 1:48;JHN 1:49;JHN 1:50;JHN 1:51;JHN 2:1;JHN 2:2;JHN 2:3;JHN 2:4;JHN 2:7;JHN 2:11;JHN 2:13;JHN 2:19;JHN 2:21;JHN 2:22;JHN 2:24;JHN 3:2;JHN 3:3;JHN 3:5;JHN 3:10;JHN 3:13;JHN 3:14;JHN 3:16;JHN 3:17;JHN 3:18;JHN 3:19;JHN 3:20;JHN 3:21;JHN 3:22;JHN 3:35;JHN 3:36;JHN 4:1;JHN 4:2;JHN 4:6;JHN 4:7;JHN 4:10;JHN 4:13;JHN 4:16;JHN 4:17;JHN 4:21;JHN 4:26;JHN 4:30;JHN 4:31;JHN 4:34;JHN 4:39;JHN 4:43;JHN 4:47;JHN 4:48;JHN 4:50;JHN 4:53;JHN 4:54;JHN 5:1;JHN 5:6;JHN 5:8;JHN 5:13;JHN 5:14;JHN 5:15;JHN 5:16;JHN 5:17;JHN 5:19;JHN 5:20;JHN 5:21;JHN 5:22;JHN 5:23;JHN 5:25;JHN 5:26;JHN 5:27;JHN 6:1;JHN 6:3;JHN 6:5;JHN 6:10;JHN 6:11;JHN 6:14;JHN 6:15;JHN 6:17;JHN 6:19;JHN 6:20;JHN 6:22;JHN 6:24;JHN 6:25;JHN 6:26;JHN 6:27;JHN 6:29;JHN 6:32;JHN 6:35;JHN 6:40;JHN 6:41;JHN 6:42;JHN 6:43;JHN 6:53;JHN 6:59;JHN 6:61;JHN 6:62;JHN 6:64;JHN 6:65;JHN 6:67;JHN 6:70;JHN 6:71;JHN 7:1;JHN 7:3;JHN 7:6;JHN 7:9;JHN 7:14;JHN 7:16;JHN 7:21;JHN 7:28;JHN 7:32;JHN 7:33;JHN 7:37;JHN 7:39;JHN 7:43;JHN 7:50;JHN 8:1;JHN 8:4;JHN 8:6;JHN 8:9;JHN 8:10;JHN 8:11;JHN 8:12;JHN 8:14;JHN 8:19;JHN 8:25;JHN 8:28;JHN 8:30;JHN 8:34;JHN 8:36;JHN 8:39;JHN 8:42;JHN 8:49;JHN 8:54;JHN 8:58;JHN 8:59;JHN 9:1;JHN 9:2;JHN 9:3;JHN 9:6;JHN 9:11;JHN 9:14;JHN 9:22;JHN 9:35;JHN 9:37;JHN 9:38;JHN 9:39;JHN 9:41;JHN 10:6;JHN 10:19;JHN 10:23;JHN 10:25;JHN 10:32;JHN 10:34;JHN 10:40;JHN 10:42;JHN 11:3;JHN 11:4;JHN 11:5;JHN 11:8;JHN 11:9;JHN 11:12;JHN 11:13;JHN 11:14;JHN 11:17;JHN 11:20;JHN 11:21;JHN 11:23;JHN 11:25;JHN 11:27;JHN 11:28;JHN 11:30;JHN 11:32;JHN 11:33;JHN 11:34;JHN 11:35;JHN 11:38;JHN 11:39;JHN 11:40;JHN 11:41;JHN 11:43;JHN 11:44;JHN 11:45;JHN 11:46;JHN 11:51;JHN 11:54;JHN 11:56;JHN 12:1;JHN 12:2;JHN 12:3;JHN 12:7;JHN 12:9;JHN 12:11;JHN 12:12;JHN 12:13;JHN 12:14;JHN 12:15;JHN 12:16;JHN 12:17;JHN 12:21;JHN 12:22;JHN 12:23;JHN 12:30;JHN 12:35;JHN 12:36;JHN 12:37;JHN 12:41;JHN 12:44;JHN 13:1;JHN 13:2;JHN 13:3;JHN 13:6;JHN 13:7;JHN 13:8;JHN 13:9;JHN 13:10;JHN 13:12;JHN 13:21;JHN 13:23;JHN 13:24;JHN 13:25;JHN 13:26;JHN 13:27;JHN 13:28;JHN 13:29;JHN 13:31;JHN 13:36;JHN 13:38;JHN 14:6;JHN 14:9;JHN 14:13;JHN 14:23;JHN 16:19;JHN 16:31;JHN 17:1;JHN 17:3;JHN 18:1;JHN 18:2;JHN 18:4;JHN 18:5;JHN 18:6;JHN 18:7;JHN 18:8;JHN 18:11;JHN 18:12;JHN 18:15;JHN 18:17;JHN 18:19;JHN 18:20;JHN 18:22;JHN 18:23;JHN 18:28;JHN 18:29;JHN 18:32;JHN 18:33;JHN 18:34;JHN 18:36;JHN 18:37;JHN 19:1;JHN 19:5;JHN 19:9;JHN 19:11;JHN 19:13;JHN 19:16;JHN 19:18;JHN 19:19;JHN 19:20;JHN 19:23;JHN 19:25;JHN 19:26;JHN 19:28;JHN 19:30;JHN 19:32;JHN 19:33;JHN 19:38;JHN 19:39;JHN 19:40;JHN 19:41;JHN 19:42;JHN 20:2;JHN 20:7;JHN 20:9;JHN 20:12;JHN 20:13;JHN 20:14;JHN 20:15;JHN 20:16;JHN 20:17;JHN 20:19;JHN 20:21;JHN 20:24;JHN 20:26;JHN 20:27;JHN 20:29;JHN 20:30;JHN 20:31;JHN 21:1;JHN 21:4;JHN 21:7;JHN 21:10;JHN 21:12;JHN 21:13;JHN 21:14;JHN 21:15;JHN 21:16;JHN 21:17;JHN 21:19;JHN 21:20;JHN 21:21;JHN 21:22;JHN 21:23;JHN 21:25;ACT 1:1;ACT 1:6;ACT 1:7;ACT 1:11;ACT 1:14;ACT 1:16;ACT 1:21;ACT 1:22;ACT 2:22;ACT 2:32;ACT 2:36;ACT 2:38;ACT 3:6;ACT 3:13;ACT 3:15;ACT 3:16;ACT 3:20;ACT 3:26;ACT 4:2;ACT 4:10;ACT 4:11;ACT 4:13;ACT 4:18;ACT 4:26;ACT 4:27;ACT 4:30;ACT 4:33;ACT 5:30;ACT 5:40;ACT 5:42;ACT 6:14;ACT 7:55;ACT 7:56;ACT 7:59;ACT 8:12;ACT 8:16;ACT 8:35;ACT 9:5;ACT 9:17;ACT 9:20;ACT 9:22;ACT 9:27;ACT 9:34;ACT 10:36;ACT 10:38;ACT 10:48;ACT 11:17;ACT 11:20;ACT 13:23;ACT 13:24;ACT 13:27;ACT 13:33;ACT 13:35;ACT 13:38;ACT 15:11;ACT 15:26;ACT 16:7;ACT 16:18;ACT 16:31;ACT 17:3;ACT 17:7;ACT 17:18;ACT 18:5;ACT 18:25;ACT 18:28;ACT 19:4;ACT 19:5;ACT 19:13;ACT 19:15;ACT 19:17;ACT 20:21;ACT 20:24;ACT 20:35;ACT 21:13;ACT 22:8;ACT 22:14;ACT 24:24;ACT 25:19;ACT 26:9;ACT 26:15;ACT 28:23;ACT 28:31;ROM 1:1;ROM 1:3;ROM 1:4;ROM 1:6;ROM 1:7;ROM 1:8;ROM 1:9;ROM 2:16;ROM 3:22;ROM 3:24;ROM 4:24;ROM 5:1;ROM 5:6;ROM 5:8;ROM 5:10;ROM 5:11;ROM 5:15;ROM 5:17;ROM 5:21;ROM 6:3;ROM 6:4;ROM 6:8;ROM 6:9;ROM 6:11;ROM 6:23;ROM 7:4;ROM 7:25;ROM 8:1;ROM 8:2;ROM 8:3;ROM 8:9;ROM 8:10;ROM 8:11;ROM 8:17;ROM 8:29;ROM 8:32;ROM 8:34;ROM 8:35;ROM 8:39;ROM 9:1;ROM 9:3;ROM 9:5;ROM 10:4;ROM 10:6;ROM 10:7;ROM 10:9;ROM 10:12;ROM 10:13;ROM 10:14;ROM 10:17;ROM 12:5;ROM 13:14;ROM 14:9;ROM 14:15;ROM 14:18;ROM 15:3;ROM 15:5;ROM 15:6;ROM 15:7;ROM 15:8;ROM 15:16;ROM 15:17;ROM 15:18;ROM 15:19;ROM 15:20;ROM 15:29;ROM 15:30;ROM 16:3;ROM 16:5;ROM 16:7;ROM 16:9;ROM 16:10;ROM 16:18;ROM 16:20;ROM 16:23;ROM 16:25;ROM 16:27;1CO 1:1;1CO 1:2;1CO 1:3;1CO 1:4;1CO 1:6;1CO 1:7;1CO 1:8;1CO 1:9;1CO 1:10;1CO 1:12;1CO 1:13;1CO 1:17;1CO 1:23;1CO 1:24;1CO 1:30;1CO 2:2;1CO 2:16;1CO 3:1;1CO 3:11;1CO 3:23;1CO 4:1;1CO 4:10;1CO 4:15;1CO 4:17;1CO 5:4;1CO 5:7;1CO 6:11;1CO 6:15;1CO 7:22;1CO 8:6;1CO 8:11;1CO 8:12;1CO 9:1;1CO 9:12;1CO 9:21;1CO 10:4;1CO 10:9;1CO 10:16;1CO 11:1;1CO 11:3;1CO 11:23;1CO 12:3;1CO 12:12;1CO 12:27;1CO 15:3;1CO 15:12;1CO 15:13;1CO 15:14;1CO 15:15;1CO 15:16;1CO 15:17;1CO 15:18;1CO 15:19;1CO 15:20;1CO 15:22;1CO 15:23;1CO 15:28;1CO 15:31;1CO 15:45;1CO 15:57;1CO 16:23;1CO 16:24;2CO 1:1;2CO 1:2;2CO 1:3;2CO 1:5;2CO 1:14;2CO 1:19;2CO 1:20;2CO 1:21;2CO 2:10;2CO 2:12;2CO 2:14;2CO 2:15;2CO 2:17;2CO 3:3;2CO 3:4;2CO 3:14;2CO 4:4;2CO 4:5;2CO 4:6;2CO 4:10;2CO 4:11;2CO 4:14;2CO 5:10;2CO 5:14;2CO 5:16;2CO 5:17;2CO 5:18;2CO 5:19;2CO 5:20;2CO 6:15;2CO 8:9;2CO 9:13;2CO 10:1;2CO 10:5;2CO 10:7;2CO 10:14;2CO 11:2;2CO 11:3;2CO 11:4;2CO 11:10;2CO 11:13;2CO 11:23;2CO 11:31;2CO 12:2;2CO 12:9;2CO 12:10;2CO 12:19;2CO 13:3;2CO 13:5;2CO 13:14;GAL 1:1;GAL 1:3;GAL 1:6;GAL 1:7;GAL 1:10;GAL 1:12;GAL 1:16;GAL 1:19;GAL 1:22;GAL 2:4;GAL 2:16;GAL 2:17;GAL 2:20;GAL 2:21;GAL 3:1;GAL 3:13;GAL 3:14;GAL 3:16;GAL 3:22;GAL 3:24;GAL 3:26;GAL 3:27;GAL 3:28;GAL 3:29;GAL 4:4;GAL 4:6;GAL 4:14;GAL 4:19;GAL 5:1;GAL 5:2;GAL 5:4;GAL 5:6;GAL 5:24;GAL 6:2;GAL 6:12;GAL 6:14;GAL 6:17;GAL 6:18;EPH 1:1;EPH 1:2;EPH 1:3;EPH 1:5;EPH 1:9;EPH 1:10;EPH 1:12;EPH 1:15;EPH 1:17;EPH 1:20;EPH 2:5;EPH 2:6;EPH 2:7;EPH 2:10;EPH 2:12;EPH 2:13;EPH 2:20;EPH 3:1;EPH 3:4;EPH 3:6;EPH 3:8;EPH 3:11;EPH 3:17;EPH 3:19;EPH 3:21;EPH 4:7;EPH 4:12;EPH 4:13;EPH 4:15;EPH 4:20;EPH 4:21;EPH 4:32;EPH 5:2;EPH 5:5;EPH 5:14;EPH 5:20;EPH 5:21;EPH 5:23;EPH 5:24;EPH 5:25;EPH 5:29;EPH 5:32;EPH 6:5;EPH 6:6;EPH 6:23;EPH 6:24;PHP 1:1;PHP 1:2;PHP 1:6;PHP 1:8;PHP 1:10;PHP 1:11;PHP 1:13;PHP 1:15;PHP 1:17;PHP 1:18;PHP 1:19;PHP 1:20;PHP 1:21;PHP 1:23;PHP 1:26;PHP 1:27;PHP 1:29;PHP 2:1;PHP 2:5;PHP 2:10;PHP 2:11;PHP 2:16;PHP 2:19;PHP 2:21;PHP 2:30;PHP 3:3;PHP 3:7;PHP 3:8;PHP 3:9;PHP 3:10;PHP 3:12;PHP 3:14;PHP 3:18;PHP 3:20;PHP 4:7;PHP 4:13;PHP 4:19;PHP 4:21;PHP 4:23;COL 1:1;COL 1:2;COL 1:3;COL 1:4;COL 1:7;COL 1:13;COL 1:15;COL 1:22;COL 1:24;COL 1:27;COL 1:28;COL 2:2;COL 2:5;COL 2:6;COL 2:8;COL 2:9;COL 2:10;COL 2:11;COL 2:13;COL 2:17;COL 2:20;COL 3:1;COL 3:3;COL 3:4;COL 3:11;COL 3:15;COL 3:16;COL 3:17;COL 3:24;COL 4:3;COL 4:12;1TH 1:1;1TH 1:3;1TH 1:10;1TH 2:6;1TH 2:14;1TH 2:15;1TH 2:19;1TH 3:11;1TH 3:13;1TH 4:1;1TH 4:2;1TH 4:14;1TH 4:16;1TH 5:9;1TH 5:18;1TH 5:23;1TH 5:28;2TH 1:1;2TH 1:2;2TH 1:7;2TH 1:8;2TH 1:12;2TH 2:1;2TH 2:8;2TH 2:14;2TH 2:16;2TH 3:5;2TH 3:6;2TH 3:12;2TH 3:18;1TI 1:1;1TI 1:2;1TI 1:12;1TI 1:14;1TI 1:15;1TI 1:16;1TI 2:5;1TI 4:6;1TI 5:11;1TI 5:21;1TI 6:3;1TI 6:13;1TI 6:14;2TI 1:1;2TI 1:2;2TI 1:9;2TI 1:10;2TI 1:13;2TI 2:1;2TI 2:3;2TI 2:8;2TI 2:10;2TI 3:12;2TI 3:15;2TI 4:1;TIT 1:1;TIT 1:4;TIT 2:13;TIT 3:6;PHM 1:1;PHM 1:3;PHM 1:6;PHM 1:8;PHM 1:9;PHM 1:20;PHM 1:23;PHM 1:25;HEB 1:2;HEB 1:3;HEB 1:5;HEB 1:8;HEB 2:3;HEB 2:9;HEB 2:11;HEB 3:1;HEB 3:3;HEB 3:6;HEB 3:14;HEB 4:14;HEB 5:5;HEB 5:7;HEB 6:1;HEB 6:6;HEB 6:20;HEB 7:3;HEB 7:21;HEB 7:22;HEB 7:24;HEB 7:28;HEB 8:6;HEB 9:11;HEB 9:14;HEB 9:15;HEB 9:24;HEB 9:26;HEB 9:28;HEB 10:5;HEB 10:10;HEB 10:19;HEB 10:29;HEB 11:26;HEB 12:2;HEB 12:24;HEB 13:8;HEB 13:12;HEB 13:15;HEB 13:20;HEB 13:21;JAS 1:1;JAS 2:1;1PE 1:2;1PE 1:3;1PE 1:7;1PE 1:11;1PE 1:13;1PE 1:19;1PE 2:5;1PE 2:21;1PE 3:15;1PE 3:16;1PE 3:18;1PE 3:21;1PE 4:1;1PE 4:11;1PE 4:13;1PE 4:14;1PE 5:4;1PE 5:10;1PE 5:14;2PE 1:1;2PE 1:2;2PE 1:8;2PE 1:11;2PE 1:14;2PE 1:16;2PE 1:17;2PE 2:20;2PE 3:15;2PE 3:18;1JN 1:3;1JN 1:7;1JN 2:1;1JN 2:6;1JN 2:22;1JN 2:23;1JN 2:24;1JN 2:28;1JN 3:3;1JN 3:5;1JN 3:7;1JN 3:8;1JN 3:16;1JN 3:23;1JN 4:2;1JN 4:3;1JN 4:15;1JN 5:1;1JN 5:5;1JN 5:6;1JN 5:9;1JN 5:10;1JN 5:11;1JN 5:12;1JN 5:13;1JN 5:18;1JN 5:20;2JN 1:3;2JN 1:7;2JN 1:9;JUD 1:1;JUD 1:4;JUD 1:5;JUD 1:17;JUD 1:21;JUD 1:25;REV 1:1;REV 1:2;REV 1:5;REV 1:9;REV 1:13;REV 1:17;REV 1:18;REV 2:12;REV 2:18;REV 3:1;REV 3:7;REV 3:14;REV 5:5;REV 5:6;REV 5:8;REV 5:12;REV 5:13;REV 6:1;REV 6:3;REV 6:5;REV 6:7;REV 6:9;REV 6:12;REV 6:16;REV 7:10;REV 7:14;REV 7:17;REV 8:1;REV 11:15;REV 12:10;REV 12:11;REV 13:8;REV 14:1;REV 14:4;REV 14:12;REV 15:3;REV 17:14;REV 19:7;REV 19:9;REV 19:10;REV 19:11;REV 19:13;REV 19:16;REV 19:19;REV 19:21;REV 20:4;REV 20:6;REV 21:9;REV 21:14;REV 21:22;REV 21:23;REV 21:27;REV 22:1;REV 22:3;REV 22:16;REV 22:20;REV 22:21
Q398663,PRO 30:1
Q141486151,PRO 30:1
Q22905935,PRO 30:1
Q6521531,PRO 31:1;PRO 31:4
Q11740876,ECC 1:1;ECC 1:2;ECC 1:12;ECC 7:27;ECC 12:8;ECC 12:9;ECC 12:10
Q138721733,SNG 6:12
Q18192190,ISA 7:3
Q345,ISA 7:14;MAT 1:16;MAT 1:18;MAT 1:20;MAT 1:24;MAT 2:11;MAT 2:13;MAT 2:14;MAT 2:20;MAT 2:21;MAT 12:46;MAT 12:47;MAT 13:55;MRK 6:3;LUK 1:27;LUK 1:29;LUK 1:30;LUK 1:34;LUK 1:38;LUK 1:39;LUK 1:41;LUK 1:43;LUK 1:45;LUK 1:46;LUK 1:56;LUK 2:5;LUK 2:16;LUK 2:19;LUK 2:22;LUK 2:27;LUK 2:33;LUK 2:34;LUK 2:39;LUK 2:41;LUK 2:43;LUK 2:48;LUK 2:51;JHN 2:1;JHN 2:3;JHN 2:4;JHN 2:5;JHN 19:26;JHN 19:27;ACT 1:14
Q124219534,ISA 8:2
Q134721755,ISA 8:2
Q30526881,ISA 8:3
Q2903829,ISA 8:3;ISA 8:4
Q208336,ISA 20:1;ISA 20:4;ISA 20:6
Q7492261,ISA 22:15;ISA 22:17
Q356505,ISA 39:1
Q40662,ISA 40:3;MAL 3:1;MAT 3:1;MAT 3:4;MAT 3:7;MAT 3:13;MAT 3:14;MAT 3:15;MAT 4:12;MAT 9:14;MAT 11:2;MAT 11:4;MAT 11:7;MAT 11:11;MAT 11:12;MAT 11:13;MAT 11:18;MAT 14:2;MAT 14:3;MAT 14:4;MAT 14:5;MAT 14:8;MAT 14:10;MAT 14:11;MAT 14:12;MAT 14:13;MAT 16:14;MAT 17:13;MAT 21:25;MAT 21:26;MAT 21:32;MRK 1:2;MRK 1:3;MRK 1:4;MRK 1:6;MRK 1:9;MRK 1:14;MRK 2:18;MRK 6:14;MRK 6:16;MRK 6:17;MRK 6:18;MRK 6:19;MRK 6:20;MRK 6:24;MRK 6:25;MRK 6:27;MRK 6:28;MRK 6:29;MRK 8:28;MRK 11:30;MRK 11:32;LUK 1:13;LUK 1:41;LUK 1:44;LUK 1:57;LUK 1:59;LUK 1:60;LUK 1:62;LUK 1:63;LUK 1:66;LUK 1:76;LUK 1:80;LUK 3:2;LUK 3:7;LUK 3:11;LUK 3:12;LUK 3:15;LUK 3:16;LUK 3:18;LUK 3:20;LUK 7:18;LUK 7:19;LUK 7:20;LUK 7:22;LUK 7:24;LUK 7:27;LUK 7:28;LUK 7:29;LUK 7:30;LUK 7:33;LUK 9:7;LUK 9:9;LUK 9:19;LUK 11:1;LUK 16:16;LUK 20:4;LUK 20:6;JHN 1:6;JHN 1:15;JHN 1:19;JHN 1:23;JHN 1:26;JHN 1:28;JHN 1:29;JHN 1:32;JHN 1:35;JHN 1:40;JHN 3:23;JHN 3:24;JHN 3:25;JHN 3:26;JHN 3:27;JHN 4:1;JHN 5:33;JHN 5:35;JHN 5:36;JHN 10:40;JHN 10:41;ACT 1:5;ACT 1:22;ACT 10:37;ACT 11:16;ACT 13:24;ACT 13:25;ACT 18:25;ACT 19:3;ACT 19:4
Q25796501,JER 1:1
Q124314518,JER 20:1;JER 20:3;JER 20:6
Q124373418,JER 20:1
Q124334452,JER 21:1;JER 38:1
Q124333945,JER 21:1;JER 29:25;JER 37:3
Q2804969,JER 26:18;MIC 1:1
Q3206316,JER 26:20;JER 26:21;JER 26:23
Q124382215,JER 26:20
Q109023366,JER 26:22;JER 36:12;JER 36:25
Q135454523,JER 26:22;JER 36:12
Q6644516,JER 28:1;JER 28:5;JER 28:10;JER 28:11;JER 28:12;JER 28:13;JER 28:15;JER 28:17
Q124255564,JER 28:1
Q124306645,JER 29:3
Q135335813,JER 29:3
Q123344686,JER 29:21;JER 29:22
Q124304818,JER 29:21
Q138720632,JER 29:21;JER 29:22
Q124290531,JER 29:21
Q140053993,JER 29:24;JER 29:31;JER 29:32
Q106546000,JER 29:26
Q11689901,JER 32:7;JER 32:8;JER 32:9;JER 32:12
Q124382772,JER 32:7
Q599907,JER 32:12;JER 32:13;JER 32:16;JER 36:4;JER 36:5;JER 36:8;JER 36:10;JER 36:13;JER 36:14;JER 36:15;JER 36:16;JER 36:17;JER 36:18;JER 36:19;JER 36:26;JER 36:27;JER 36:32;JER 43:3;JER 43:6;JER 45:1;JER 45:2;JER 45:4
Q6996190,JER 32:12;JER 32:16;JER 36:4;JER 36:8;JER 36:14;JER 36:32;JER 43:3;JER 43:6;JER 45:1;JER 51:59
Q6809875,JER 32:12
Q124256160,JER 35:4
Q124315903,JER 35:4
Q140312970,JER 35:4
Q6663390,JER 36:10;JER 36:11;JER 36:12;JER 36:25
Q141486242,JER 36:11;JER 36:13
Q124309935,JER 36:12;JER 36:20;JER 36:21
Q124305892,JER 36:12;JER 36:25
Q140054001,JER 36:12
Q138720656,JER 36:12
Q18191849,JER 36:14;JER 36:21;JER 36:23
Q124346862,JER 36:14
Q124383678,JER 36:14
Q124385912,JER 36:26
Q124306725,JER 36:26
Q32979697,JER 36:26
Q2613514,JER 36:26
Q140131590,JER 37:3;JER 38:1
Q124316105,JER 37:13;JER 37:14
Q140131442,JER 37:13
Q130280934,JER 37:13
Q124316520,JER 37:15;JER 37:20;JER 38:26
Q124386155,JER 38:1
Q124334352,JER 38:1
Q177617,JER 38:7;JER 38:8;JER 38:10;JER 38:11;JER 38:12;JER 39:16
Q86678325,JER 39:3;JER 39:13
Q131920039,JER 39:3
Q124310316,JER 40:8
Q141486269,JER 40:13;JER 40:15;JER 40:16;JER 41:11;JER 41:13;JER 41:14;JER 41:16;JER 42:1;JER 42:8;JER 43:2;JER 43:4;JER 43:5
Q104586577,JER 40:14
Q124375387,JER 42:1;JER 43:2
Q7452652,JER 51:59;JER 51:61
Q194064,EZK 1:3;EZK 2:1;EZK 2:3;EZK 2:6;EZK 2:8;EZK 3:1;EZK 3:3;EZK 3:4;EZK 3:10;EZK 3:17;EZK 3:25;EZK 4:1;EZK 4:16;EZK 5:1;EZK 6:2;EZK 7:2;EZK 8:5;EZK 8:6;EZK 8:8;EZK 8:12;EZK 8:15;EZK 8:17;EZK 11:2;EZK 11:4;EZK 11:15;EZK 12:2;EZK 12:3;EZK 12:9;EZK 12:18;EZK 12:22;EZK 12:27;EZK 13:2;EZK 13:17;EZK 14:3;EZK 14:13;EZK 15:2;EZK 16:2;EZK 17:2;EZK 20:3;EZK 20:4;EZK 20:27;EZK 20:46;EZK 21:2;EZK 21:6;EZK 21:9;EZK 21:12;EZK 21:14;EZK 21:19;EZK 21:28;EZK 22:2;EZK 22:18;EZK 22:24;EZK 23:2;EZK 23:36;EZK 24:2;EZK 24:16;EZK 24:24;EZK 24:25;EZK 25:2;EZK 26:2;EZK 27:2;EZK 28:2;EZK 28:12;EZK 28:21;EZK 29:2;EZK 29:18;EZK 30:2;EZK 30:21;EZK 31:2;EZK 32:2;EZK 32:18;EZK 33:2;EZK 33:7;EZK 33:10;EZK 33:12;EZK 33:24;EZK 33:30;EZK 34:2;EZK 35:2;EZK 36:1;EZK 36:17;EZK 37:3;EZK 37:9;EZK 37:11;EZK 37:16;EZK 38:14;EZK 39:1;EZK 39:17;EZK 40:4;EZK 43:7;EZK 43:10;EZK 43:18;EZK 44:5;EZK 47:6
Q135297,EZK 1:3
Q126009060,EZK 8:11
Q124382588,EZK 8:11
Q130284718,EZK 11:1
Q18192102,EZK 11:1;EZK 11:13
Q130288546,EZK 11:1;EZK 11:13
Q48877839,EZK 14:14;EZK 14:20;EZK 28:3
Q5882214,EZK 38:2;EZK 38:3;EZK 38:14;EZK 38:16;EZK 38:18;EZK 38:21;EZK 39:1;EZK 39:11
Q110844406,DAN 1:3;DAN 1:8;DAN 1:9;DAN 1:11
Q171724,DAN 1:6;DAN 1:7;DAN 1:8;DAN 1:9;DAN 1:10;DAN 1:11;DAN 1:17;DAN 1:19;DAN 1:21;DAN 2:13;DAN 2:14;DAN 2:15;DAN 2:16;DAN 2:17;DAN 2:18;DAN 2:19;DAN 2:24;DAN 2:25;DAN 2:26;DAN 2:27;DAN 2:46;DAN 2:47;DAN 2:48;DAN 2:49;DAN 4:8;DAN 4:9;DAN 4:18;DAN 4:19;DAN 5:11;DAN 5:12;DAN 5:13;DAN 5:17;DAN 5:29;DAN 6:2;DAN 6:3;DAN 6:4;DAN 6:5;DAN 6:10;DAN 6:11;DAN 6:13;DAN 6:14;DAN 6:16;DAN 6:17;DAN 6:20;DAN 6:21;DAN 6:23;DAN 6:24;DAN 6:26;DAN 6:27;DAN 6:28;DAN 7:1;DAN 7:2;DAN 7:15;DAN 7:28;DAN 8:1;DAN 8:15;DAN 8:16;DAN 8:17;DAN 8:27;DAN 9:2;DAN 9:22;DAN 10:1;DAN 10:2;DAN 10:7;DAN 10:11;DAN 10:12;DAN 10:17;DAN 12:4;DAN 12:5;DAN 12:9;MAT 24:15
Q5891723,DAN 1:6;DAN 1:7;DAN 1:11;DAN 1:19;DAN 2:17;DAN 2:49;DAN 3:12;DAN 3:13;DAN 3:14;DAN 3:16;DAN 3:19;DAN 3:20;DAN 3:22;DAN 3:23;DAN 3:26;DAN 3:28;DAN 3:29;DAN 3:30
Q11343582,DAN 1:6;DAN 1:7;DAN 1:11;DAN 1:19;DAN 2:17;DAN 2:49;DAN 3:12;DAN 3:13;DAN 3:14;DAN 3:16;DAN 3:19;DAN 3:20;DAN 3:22;DAN 3:23;DAN 3:26;DAN 3:28;DAN 3:29;DAN 3:30
Q8183887,DAN 1:6;DAN 1:7;DAN 1:11;DAN 1:19;DAN 2:17;DAN 2:49;DAN 3:12;DAN 3:13;DAN 3:14;DAN 3:16;DAN 3:19;DAN 3:20;DAN 3:22;DAN 3:23;DAN 3:26;DAN 3:28;DAN 3:29;DAN 3:30
Q124541190,DAN 2:14;DAN 2:15;DAN 2:24;DAN 2:25
Q225198,DAN 5:1;DAN 5:2;DAN 5:5;DAN 5:7;DAN 5:8;DAN 5:9;DAN 5:10;DAN 5:13;DAN 5:17;DAN 5:18;DAN 5:22;DAN 5:29;DAN 5:30;DAN 7:1;DAN 8:1;DAN 8:27
Q603176,DAN 5:31;DAN 6:1;DAN 6:3;DAN 6:6;DAN 6:7;DAN 6:8;DAN 6:9;DAN 6:12;DAN 6:13;DAN 6:14;DAN 6:15;DAN 6:16;DAN 6:17;DAN 6:18;DAN 6:19;DAN 6:21;DAN 6:22;DAN 6:23;DAN 6:24;DAN 6:25;DAN 6:28;DAN 11:1
Q81989,DAN 8:16;DAN 9:21;LUK 1:13;LUK 1:18;LUK 1:19;LUK 1:26;LUK 1:28;LUK 1:30;LUK 1:34;LUK 1:35;LUK 1:38
Q45581,DAN 10:13;DAN 10:21;DAN 12:1;JUD 1:9;REV 12:7
Q665541,HOS 1:1;HOS 1:2;HOS 1:3;HOS 1:4;HOS 1:6
Q124751797,HOS 1:1
Q5581166,HOS 1:3;HOS 1:6;HOS 1:8;HOS 3:1
Q126194507,HOS 1:3
Q11727245,HOS 1:3;HOS 1:4
Q11762292,HOS 1:6;HOS 1:8
Q11762291,HOS 1:9
Q45053,JOL 1:1;ACT 2:16
Q126367633,JOL 1:1
Q213850,AMO 1:1;AMO 7:8;AMO 7:10;AMO 7:11;AMO 7:12;AMO 7:14;AMO 8:2
Q11957664,AMO 7:10;AMO 7:12
Q479645,OBA 1:1
Q2468262,JON 1:1;JON 1:3;JON 1:5;JON 1:7;JON 1:9;JON 1:11;JON 1:15;JON 1:17;JON 2:1;JON 2:10;JON 3:1;JON 3:3;JON 3:4;JON 4:1;JON 4:5;JON 4:6;JON 4:8;JON 4:9;MAT 12:39;MAT 12:40;MAT 12:41;MAT 16:4;LUK 11:29;LUK 11:30;LUK 11:32
Q4746955,JON 1:1
Q1981722,NAM 1:1
Q135106,HAB 1:1;HAB 3:1
Q1761359,ZEP 1:1
Q115749766,ZEP 1:1
Q115750150,ZEP 1:1
Q115750166,ZEP 1:1
Q130564123,ZEP 1:1
Q604259,ZEC 1:1;ZEC 1:7;ZEC 7:1;ZEC 7:8;MAT 23:35
Q18238415,ZEC 1:1;ZEC 1:7;MAT 23:35
Q125481695,ZEC 1:1;ZEC 1:7
Q141486904,ZEC 6:10;ZEC 6:14
Q139571184,ZEC 6:10;ZEC 6:14
Q141486916,ZEC 6:10;ZEC 6:14
Q138837009,ZEC 6:10;ZEC 6:14
Q123272167,ZEC 7:2
Q131918845,ZEC 7:2
Q5767200,MAL 1:1
Q321170,MAT 1:13
Q12876922,MAT 1:13
Q11907447,MAT 1:13;MAT 1:14
Q18699268,MAT 1:14
Q11906322,MAT 1:14
Q18699272,MAT 1:14;MAT 1:15
Q18699300,MAT 1:15
Q11936164,MAT 1:15
Q11927082,MAT 1:15;MAT 1:16
Q128267,MAT 1:16;MAT 1:18;MAT 1:19;MAT 1:20;MAT 1:24;MAT 2:13;MAT 2:19;MAT 2:21;LUK 1:27;LUK 2:4;LUK 2:16;LUK 2:22;LUK 2:27;LUK 2:33;LUK 2:39;LUK 2:41;LUK 2:43;LUK 2:48;LUK 3:23;LUK 4:22;JHN 1:45;JHN 6:42
Q51672,MAT 2:1;MAT 2:3;MAT 2:7;MAT 2:12;MAT 2:13;MAT 2:15;MAT 2:16;MAT 2:19;MAT 2:22;LUK 1:5
Q244345,MAT 2:22
Q33923,MAT 4:18;MAT 8:14;MAT 10:1;MAT 10:2;MAT 10:5;MAT 11:1;MAT 14:28;MAT 14:29;MAT 14:31;MAT 15:15;MAT 16:16;MAT 16:17;MAT 16:18;MAT 16:22;MAT 16:23;MAT 17:1;MAT 17:4;MAT 17:5;MAT 17:24;MAT 17:25;MAT 17:26;MAT 18:21;MAT 19:27;MAT 20:17;MAT 20:24;MAT 26:14;MAT 26:20;MAT 26:33;MAT 26:35;MAT 26:37;MAT 26:40;MAT 26:47;MAT 26:58;MAT 26:69;MAT 26:71;MAT 26:73;MAT 26:75;MRK 1:16;MRK 1:29;MRK 1:30;MRK 1:36;MRK 3:14;MRK 3:16;MRK 4:10;MRK 5:37;MRK 5:40;MRK 6:7;MRK 6:30;MRK 8:29;MRK 8:32;MRK 8:33;MRK 9:2;MRK 9:5;MRK 9:6;MRK 9:35;MRK 10:28;MRK 10:32;MRK 10:41;MRK 11:11;MRK 11:21;MRK 13:3;MRK 14:10;MRK 14:17;MRK 14:20;MRK 14:29;MRK 14:31;MRK 14:33;MRK 14:37;MRK 14:43;MRK 14:47;MRK 14:54;MRK 14:66;MRK 14:67;MRK 14:69;MRK 14:70;MRK 14:72;MRK 16:7;MRK 16:14;LUK 4:38;LUK 5:3;LUK 5:4;LUK 5:5;LUK 5:8;LUK 5:10;LUK 6:14;LUK 8:1;LUK 8:45;LUK 8:51;LUK 9:1;LUK 9:10;LUK 9:12;LUK 9:20;LUK 9:28;LUK 9:32;LUK 9:33;LUK 9:34;LUK 9:36;LUK 12:41;LUK 18:28;LUK 18:31;LUK 22:3;LUK 22:8;LUK 22:31;LUK 22:32;LUK 22:33;LUK 22:34;LUK 22:47;LUK 22:54;LUK 22:55;LUK 22:57;LUK 22:58;LUK 22:59;LUK 22:60;LUK 22:61;LUK 24:9;LUK 24:10;LUK 24:12;LUK 24:33;LUK 24:34;JHN 1:40;JHN 1:41;JHN 1:42;JHN 1:44;JHN 6:8;JHN 6:67;JHN 6:68;JHN 6:70;JHN 6:71;JHN 13:6;JHN 13:8;JHN 13:9;JHN 13:24;JHN 13:36;JHN 13:37;JHN 18:10;JHN 18:11;JHN 18:15;JHN 18:16;JHN 18:17;JHN 18:18;JHN 18:25;JHN 18:26;JHN 18:27;JHN 20:2;JHN 20:3;JHN 20:4;JHN 20:6;JHN 21:2;JHN 21:3;JHN 21:7;JHN 21:11;JHN 21:15;JHN 21:16;JHN 21:17;JHN 21:19;JHN 21:20;JHN 21:21;ACT 1:13;ACT 1:15;ACT 1:26;ACT 2:14;ACT 2:37;ACT 2:38;ACT 3:1;ACT 3:3;ACT 3:4;ACT 3:6;ACT 3:7;ACT 3:11;ACT 3:12;ACT 4:1;ACT 4:3;ACT 4:7;ACT 4:8;ACT 4:13;ACT 4:19;ACT 4:23;ACT 5:3;ACT 5:8;ACT 5:9;ACT 5:15;ACT 5:29;ACT 6:2;ACT 8:14;ACT 8:17;ACT 8:20;ACT 8:25;ACT 9:32;ACT 9:34;ACT 9:38;ACT 9:39;ACT 9:40;ACT 9:41;ACT 9:43;ACT 10:5;ACT 10:9;ACT 10:13;ACT 10:14;ACT 10:17;ACT 10:18;ACT 10:19;ACT 10:21;ACT 10:23;ACT 10:25;ACT 10:26;ACT 10:27;ACT 10:32;ACT 10:34;ACT 10:44;ACT 10:45;ACT 10:46;ACT 11:2;ACT 11:4;ACT 11:7;ACT 11:13;ACT 12:3;ACT 12:5;ACT 12:6;ACT 12:7;ACT 12:8;ACT 12:9;ACT 12:11;ACT 12:14;ACT 12:16;ACT 12:17;ACT 12:18;ACT 15:7;ACT 15:14;1CO 1:12;1CO 3:22;1CO 9:5;1CO 15:5;GAL 1:17;GAL 1:18;GAL 2:7;GAL 2:8;GAL 2:9;GAL 2:11;GAL 2:14;1PE 1:1;2PE 1:1
Q43399,MAT 4:18;MAT 10:1;MAT 10:2;MAT 10:5;MAT 11:1;MAT 20:17;MAT 20:24;MAT 26:14;MAT 26:20;MAT 26:47;MRK 1:16;MRK 1:29;MRK 3:14;MRK 3:18;MRK 4:10;MRK 6:7;MRK 6:30;MRK 9:35;MRK 10:32;MRK 10:41;MRK 11:11;MRK 13:3;MRK 14:10;MRK 14:17;MRK 14:20;MRK 14:43;MRK 16:14;LUK 6:14;LUK 8:1;LUK 9:1;LUK 9:10;LUK 9:12;LUK 18:31;LUK 22:3;LUK 22:47;LUK 24:9;LUK 24:10;LUK 24:33;JHN 1:40;JHN 1:42;JHN 1:44;JHN 6:8;JHN 6:67;JHN 6:70;JHN 6:71;JHN 12:22;ACT 1:13;ACT 1:26;ACT 2:14;ACT 6:2;GAL 1:17;GAL 1:19
Q43999,MAT 4:21;MAT 10:1;MAT 10:2;MAT 10:5;MAT 11:1;MAT 17:1;MAT 20:17;MAT 20:20;MAT 20:21;MAT 20:22;MAT 20:24;MAT 26:14;MAT 26:20;MAT 26:37;MAT 26:47;MAT 27:56;MRK 1:19;MRK 1:29;MRK 3:14;MRK 3:17;MRK 4:10;MRK 5:37;MRK 5:40;MRK 6:7;MRK 6:30;MRK 9:2;MRK 9:35;MRK 10:32;MRK 10:35;MRK 10:39;MRK 10:41;MRK 11:11;MRK 13:3;MRK 14:10;MRK 14:17;MRK 14:20;MRK 14:33;MRK 14:43;MRK 16:14;LUK 5:10;LUK 6:14;LUK 8:1;LUK 8:51;LUK 9:1;LUK 9:10;LUK 9:12;LUK 9:28;LUK 9:32;LUK 9:36;LUK 9:54;LUK 18:31;LUK 22:3;LUK 22:47;LUK 24:9;LUK 24:10;LUK 24:33;JHN 6:67;JHN 6:70;JHN 6:71;JHN 21:2;ACT 1:13;ACT 1:26;ACT 2:14;ACT 6:2;ACT 12:2;GAL 1:17;GAL 1:19
Q169363,MAT 4:21;MAT 10:2;MAT 20:20;MAT 26:37;MAT 27:56;MRK 1:19;MRK 1:20;MRK 3:17;MRK 10:35;LUK 5:10;JHN 21:2
Q44015,MAT 4:21;MAT 10:1;MAT 10:2;MAT 10:5;MAT 11:1;MAT 17:1;MAT 20:17;MAT 20:20;MAT 20:21;MAT 20:22;MAT 20:24;MAT 26:14;MAT 26:20;MAT 26:37;MAT 26:47;MAT 27:56;MRK 1:19;MRK 1:29;MRK 3:14;MRK 3:17;MRK 4:10;MRK 5:37;MRK 5:40;MRK 6:7;MRK 6:30;MRK 9:2;MRK 9:35;MRK 9:38;MRK 10:32;MRK 10:35;MRK 10:39;MRK 10:41;MRK 11:11;MRK 13:3;MRK 14:10;MRK 14:17;MRK 14:20;MRK 14:33;MRK 14:43;MRK 16:14;LUK 5:10;LUK 5:33;LUK 6:14;LUK 8:1;LUK 8:51;LUK 9:1;LUK 9:10;LUK 9:12;LUK 9:28;LUK 9:32;LUK 9:36;LUK 9:49;LUK 9:54;LUK 18:31;LUK 22:3;LUK 22:8;LUK 22:47;LUK 24:9;LUK 24:10;LUK 24:33;JHN 6:67;JHN 6:70;JHN 6:71;JHN 13:23;JHN 19:26;JHN 19:27;JHN 20:2;JHN 20:3;JHN 20:4;JHN 20:8;JHN 21:2;JHN 21:7;JHN 21:20;JHN 21:24;ACT 1:13;ACT 1:26;ACT 2:14;ACT 3:1;ACT 3:3;ACT 3:4;ACT 3:11;ACT 4:1;ACT 4:3;ACT 4:7;ACT 4:13;ACT 4:19;ACT 4:23;ACT 6:2;ACT 8:14;ACT 8:17;ACT 8:25;ACT 12:2;GAL 1:17;GAL 1:19;REV 1:1;REV 1:4;REV 1:9;REV 22:8
Q23581940,MAT 8:14;MRK 1:30;LUK 4:38
Q43600,MAT 9:9;MAT 9:10;MAT 10:1;MAT 10:3;MAT 10:5;MAT 11:1;MAT 20:17;MAT 20:24;MAT 26:14;MAT 26:20;MAT 26:47;MRK 3:14;MRK 3:18;MRK 4:10;MRK 6:7;MRK 6:30;MRK 9:35;MRK 10:32;MRK 10:41;MRK 11:11;MRK 14:10;MRK 14:17;MRK 14:20;MRK 14:43;MRK 16:14;LUK 5:27;LUK 5:28;LUK 5:29;LUK 6:15;LUK 8:1;LUK 9:1;LUK 9:10;LUK 9:12;LUK 18:31;LUK 22:3;LUK 22:47;LUK 24:9;LUK 24:10;LUK 24:33;JHN 6:67;JHN 6:70;JHN 6:71;ACT 1:13;ACT 1:26;ACT 2:14;ACT 6:2;GAL 1:17;GAL 1:19
Q43675,MAT 10:1;MAT 10:3;MAT 10:5;MAT 11:1;MAT 20:17;MAT 20:24;MAT 26:14;MAT 26:20;MAT 26:47;MRK 3:14;MRK 3:18;MRK 4:10;MRK 6:7;MRK 6:30;MRK 9:35;MRK 10:32;MRK 10:41;MRK 11:11;MRK 14:10;MRK 14:17;MRK 14:20;MRK 14:43;MRK 16:14;LUK 6:14;LUK 8:1;LUK 9:1;LUK 9:10;LUK 9:12;LUK 18:31;LUK 22:3;LUK 22:47;LUK 24:9;LUK 24:10;LUK 24:33;JHN 1:43;JHN 1:44;JHN 1:45;JHN 1:46;JHN 1:48;JHN 6:5;JHN 6:7;JHN 6:67;JHN 6:70;JHN 6:71;JHN 12:21;JHN 12:22;JHN 14:8;JHN 14:9;ACT 1:13;ACT 1:26;ACT 2:14;ACT 6:2;GAL 1:17;GAL 1:19
Q43982,MAT 10:1;MAT 10:3;MAT 10:5;MAT 11:1;MAT 20:17;MAT 20:24;MAT 26:14;MAT 26:20;MAT 26:47;MRK 3:14;MRK 3:18;MRK 4:10;MRK 6:7;MRK 6:30;MRK 9:35;MRK 10:32;MRK 10:41;MRK 11:11;MRK 14:10;MRK 14:17;MRK 14:20;MRK 14:43;MRK 16:14;LUK 6:14;LUK 8:1;LUK 9:1;LUK 9:10;LUK 9:12;LUK 18:31;LUK 22:3;LUK 22:47;LUK 24:9;LUK 24:10;LUK 24:33;JHN 6:67;JHN 6:70;JHN 6:71;ACT 1:13;ACT 1:26;ACT 2:14;ACT 6:2;GAL 1:17;GAL 1:19
Q43669,MAT 10:1;MAT 10:3;MAT 10:5;MAT 11:1;MAT 20:17;MAT 20:24;MAT 26:14;MAT 26:20;MAT 26:47;MRK 3:14;MRK 3:18;MRK 4:10;MRK 6:7;MRK 6:30;MRK 9:35;MRK 10:32;MRK 10:41;MRK 11:11;MRK 14:10;MRK 14:17;MRK 14:20;MRK 14:43;MRK 16:14;LUK 6:15;LUK 8:1;LUK 9:1;LUK 9:10;LUK 9:12;LUK 18:31;LUK 22:3;LUK 22:47;LUK 24:9;LUK 24:10;LUK 24:33;JHN 6:67;JHN 6:70;JHN 6:71;JHN 11:16;JHN 14:5;JHN 20:24;JHN 20:26;JHN 20:27;JHN 20:28;JHN 21:2;ACT 1:13;ACT 1:26;ACT 2:14;ACT 6:2;GAL 1:17;GAL 1:19
Q44047,MAT 10:1;MAT 10:3;MAT 10:5;MAT 11:1;MAT 20:17;MAT 20:24;MAT 26:14;MAT 26:20;MAT 26:47;MRK 3:14;MRK 3:18;MRK 4:10;MRK 6:7;MRK 6:30;MRK 9:35;MRK 10:32;MRK 10:41;MRK 11:11;MRK 14:10;MRK 14:17;MRK 14:20;MRK 14:43;MRK 16:14;LUK 6:15;LUK 8:1;LUK 9:1;LUK 9:10;LUK 9:12;LUK 18:31;LUK 22:3;LUK 22:47;LUK 24:9;LUK 24:10;LUK 24:33;JHN 6:67;JHN 6:70;JHN 6:71;ACT 1:13;ACT 1:26;ACT 2:14;ACT 6:2;ACT 12:17;ACT 15:13;ACT 21:18;GAL 1:17;GAL 1:19
Q43945,MAT 10:1;MAT 10:3;MAT 10:5;MAT 11:1;MAT 20:17;MAT 20:24;MAT 26:14;MAT 26:20;MAT 26:47;MRK 3:14;MRK 3:18;MRK 4:10;MRK 6:7;MRK 6:30;MRK 9:35;MRK 10:32;MRK 10:41;MRK 11:11;MRK 14:10;MRK 14:17;MRK 14:20;MRK 14:43;MRK 16:14;LUK 6:16;LUK 8:1;LUK 9:1;LUK 9:10;LUK 9:12;LUK 18:31;LUK 22:3;LUK 22:47;LUK 24:9;LUK 24:10;LUK 24:33;JHN 6:67;JHN 6:70;JHN 6:71;JHN 14:22;ACT 1:13;ACT 1:26;ACT 2:14;ACT 6:2;GAL 1:17;GAL 1:19
Q12871,MAT 10:1;MAT 10:4;MAT 10:5;MAT 11:1;MAT 20:17;MAT 20:24;MAT 26:14;MAT 26:20;MAT 26:47;MRK 3:14;MRK 3:18;MRK 4:10;MRK 6:7;MRK 6:30;MRK 9:35;MRK 10:32;MRK 10:41;MRK 11:11;MRK 14:10;MRK 14:17;MRK 14:20;MRK 14:43;MRK 16:14;LUK 6:15;LUK 8:1;LUK 9:1;LUK 9:10;LUK 9:12;LUK 18:31;LUK 22:3;LUK 22:47;LUK 24:9;LUK 24:10;LUK 24:33;JHN 6:67;JHN 6:70;JHN 6:71;ACT 1:13;ACT 1:26;ACT 2:14;ACT 6:2;GAL 1:17;GAL 1:19
Q81018,MAT 10:1;MAT 10:4;MAT 10:5;MAT 11:1;MAT 20:17;MAT 20:24;MAT 26:14;MAT 26:16;MAT 26:20;MAT 26:25;MAT 26:47;MAT 27:3;MAT 27:5;MRK 3:14;MRK 3:19;MRK 4:10;MRK 6:7;MRK 6:30;MRK 9:35;MRK 10:32;MRK 10:41;MRK 11:11;MRK 14:10;MRK 14:11;MRK 14:17;MRK 14:20;MRK 14:42;MRK 14:43;MRK 14:44;LUK 6:16;LUK 8:1;LUK 9:1;LUK 9:10;LUK 9:12;LUK 18:31;LUK 22:3;LUK 22:4;LUK 22:6;LUK 22:47;LUK 22:48;JHN 6:67;JHN 6:70;JHN 6:71;JHN 12:4;JHN 12:6;JHN 13:2;JHN 13:26;JHN 13:27;JHN 13:29;JHN 13:30;JHN 13:31;JHN 18:2;JHN 18:3;JHN 18:5;ACT 1:16;ACT 1:18;ACT 1:25
Q1542853,MAT 10:3
Q26925,MAT 13:55;MAT 27:56;GAL 1:19;GAL 2:9;GAL 2:12
Q2721201,MAT 13:55;MAT 27:56
Q3099259,MAT 13:55
Q2464332,MAT 13:55
Q192950,MAT 14:1;MAT 14:3;MAT 14:5;MAT 14:6;MRK 6:14;MRK 6:16;MRK 6:17;MRK 6:18;MRK 6:20;MRK 6:21;MRK 6:22;MRK 6:25;MRK 6:26;MRK 6:27;MRK 8:15;LUK 3:1;LUK 3:19;LUK 3:20;LUK 8:3;LUK 9:7;LUK 9:9;LUK 13:31;LUK 13:32;LUK 23:7;LUK 23:8;LUK 23:9;LUK 23:11;LUK 23:12;LUK 23:15;ACT 4:27;ACT 13:1
Q230091,MAT 14:3;MAT 14:6;MAT 14:8;MAT 14:11;MRK 6:17;MRK 6:18;MRK 6:19;MRK 6:22;MRK 6:24;MRK 6:28;LUK 3:19
Q345647,MAT 14:3;MRK 6:17;MRK 6:18;LUK 3:1;LUK 3:19
Q228896,MAT 14:6;MAT 14:11;MRK 6:22;MRK 6:25;MRK 6:28
Q137699169,MAT 16:17;JHN 1:42;JHN 21:15;JHN 21:16;JHN 21:17
Q233067,MAT 20:20;MAT 27:56
Q211246,MAT 26:3;MAT 26:57;MRK 14:47;LUK 3:2;LUK 22:50;JHN 11:49;JHN 11:51;JHN 18:10;JHN 18:13;JHN 18:14;JHN 18:24;JHN 18:28;ACT 4:6
Q718460,MAT 26:6;MRK 14:3
Q17131,MAT 27:2;MAT 27:13;MAT 27:17;MAT 27:19;MAT 27:22;MAT 27:23;MAT 27:24;MAT 27:26;MAT 27:58;MAT 27:62;MAT 27:65;MRK 15:1;MRK 15:2;MRK 15:4;MRK 15:5;MRK 15:6;MRK 15:8;MRK 15:9;MRK 15:12;MRK 15:14;MRK 15:15;MRK 15:43;MRK 15:44;MRK 15:45;LUK 3:1;LUK 13:1;LUK 23:1;LUK 23:3;LUK 23:4;LUK 23:6;LUK 23:11;LUK 23:12;LUK 23:13;LUK 23:20;LUK 23:24;LUK 23:52;JHN 18:29;JHN 18:31;JHN 18:33;JHN 18:35;JHN 18:37;JHN 18:38;JHN 19:1;JHN 19:4;JHN 19:5;JHN 19:6;JHN 19:8;JHN 19:10;JHN 19:12;JHN 19:13;JHN 19:14;JHN 19:15;JHN 19:16;JHN 19:19;JHN 19:21;JHN 19:22;JHN 19:31;JHN 19:38;ACT 3:13;ACT 4:27;ACT 13:28
Q313417,MAT 27:16;MAT 27:17;MAT 27:20;MAT 27:21;MAT 27:26;MRK 15:7;MRK 15:11;MRK 15:15;LUK 23:18;LUK 23:19;LUK 23:25;JHN 18:40;ACT 3:14
Q263459,MAT 27:19
Q328739,MAT 27:32;MRK 15:21;LUK 23:26
Q284623,MAT 27:44;MRK 15:27;MRK 15:32;LUK 23:32;LUK 23:33;LUK 23:39;JHN 19:18
Q355121,MAT 27:44;MRK 15:27;MRK 15:32;LUK 23:32;LUK 23:33;LUK 23:40;JHN 19:18
Q63070,MAT 27:56;MAT 27:61;MAT 28:1;MRK 15:40;MRK 15:47;MRK 16:1;MRK 16:9;LUK 8:2;LUK 24:10;JHN 19:25;JHN 20:1;JHN 20:11;JHN 20:13;JHN 20:15;JHN 20:16;JHN 20:18
Q235377,MAT 27:56;MAT 27:61;MAT 28:1
Q271474,MAT 27:57;MAT 27:59;MRK 15:43;MRK 15:45;MRK 15:46;LUK 23:50;JHN 19:38
Q106075464,MRK 3:18;LUK 6:15;ACT 1:13
Q42893947,MRK 5:2;MRK 5:6;MRK 5:8;MRK 5:15;MRK 5:16;MRK 5:18;LUK 8:27;LUK 8:35;LUK 8:36;LUK 8:38;LUK 8:39
Q325476,MRK 5:22;MRK 5:35;MRK 5:36;MRK 5:38;LUK 8:41;LUK 8:49;LUK 8:50
Q35363545,MRK 5:23;MRK 5:35;MRK 5:39;MRK 5:40;MRK 5:41;MRK 5:42;LUK 8:42;LUK 8:49;LUK 8:51;LUK 8:54
Q809440,MRK 10:46;MRK 10:49;MRK 10:50;MRK 10:51
Q41111704,MRK 10:46
Q726674,MRK 14:47;LUK 22:50;LUK 22:51;JHN 18:10;JHN 18:26
Q51680,MRK 14:53;MRK 14:54;MRK 14:60;MRK 14:61;MRK 14:63;MRK 14:66;LUK 3:2;JHN 18:13;JHN 18:15;JHN 18:16;JHN 18:19;JHN 18:22;JHN 18:24;JHN 18:26;ACT 4:6;ACT 5:17;ACT 5:21;ACT 5:27
Q63746299,MRK 15:21
Q108474101,MRK 15:21
Q6778755,MRK 15:40;MRK 15:47;MRK 16:1;LUK 24:10
Q1384449,LUK 1:3;ACT 1:1
Q139464,LUK 1:5;LUK 1:6;LUK 1:8;LUK 1:11;LUK 1:12;LUK 1:13;LUK 1:18;LUK 1:21;LUK 1:40;LUK 1:59;LUK 1:62;LUK 1:63;LUK 1:64;LUK 1:67;LUK 3:2
Q235849,LUK 1:5;LUK 1:6;LUK 1:7;LUK 1:13;LUK 1:15;LUK 1:18;LUK 1:24;LUK 1:36;LUK 1:40;LUK 1:41;LUK 1:56;LUK 1:57;LUK 1:60
Q1405,LUK 2:1
Q313398,LUK 2:2
Q345205,LUK 2:25;LUK 2:28;LUK 2:29;LUK 2:34
Q1774668,LUK 2:36
Q7180641,LUK 2:36
Q1407,LUK 3:1
Q2474891,LUK 3:23
Q25668671,LUK 3:24
Q25668670,LUK 3:24
Q25668669,LUK 3:24
Q25668668,LUK 3:24
Q25668667,LUK 3:24
Q25668666,LUK 3:25
Q25668665,LUK 3:25
Q25668664,LUK 3:25
Q25668663,LUK 3:25
Q25668662,LUK 3:25
Q25668661,LUK 3:26
Q25668660,LUK 3:26
Q25668659,LUK 3:26
Q25668657,LUK 3:26
Q25668658,LUK 3:26
Q25668656,LUK 3:27
Q25668655,LUK 3:27
Q25668652,LUK 3:27
Q25668653,LUK 3:28
Q25668651,LUK 3:28
Q25668650,LUK 3:28
Q25668649,LUK 3:28
Q25668648,LUK 3:28
Q25668647,LUK 3:29
Q25668646,LUK 3:29
Q25668645,LUK 3:29
Q25668644,LUK 3:29
Q25668642,LUK 3:29
Q25668643,LUK 3:30
Q10312716,LUK 3:30
Q25668640,LUK 3:30
Q25668639,LUK 3:30
Q11936413,LUK 3:30
Q25668638,LUK 3:31
Q11936480,LUK 3:31
Q19715666,LUK 3:31
Q114932684,LUK 3:33
Q114932946,LUK 3:33
Q4208533,LUK 3:36
Q24905655,LUK 7:36;LUK 7:39;LUK 7:40;LUK 7:43;LUK 7:44
Q269889,LUK 8:3;LUK 24:10
Q106079959,LUK 8:3
Q4118707,LUK 8:3
Q232453,LUK 10:38;LUK 10:40;LUK 10:41;JHN 11:1;JHN 11:3;JHN 11:5;JHN 11:19;JHN 11:20;JHN 11:21;JHN 11:24;JHN 11:28;JHN 11:30;JHN 11:39;JHN 12:2
Q239058,LUK 10:39;LUK 10:40;LUK 10:42;JHN 11:1;JHN 11:2;JHN 11:3;JHN 11:5;JHN 11:19;JHN 11:20;JHN 11:28;JHN 11:29;JHN 11:31;JHN 11:32;JHN 11:45;JHN 12:3
Q139792,LUK 19:2;LUK 19:5;LUK 19:6;LUK 19:8
Q711072,LUK 24:18
Q1359769,JHN 1:45;JHN 1:46;JHN 1:47;JHN 1:48;JHN 1:49;JHN 21:2
Q295084,JHN 3:1;JHN 3:4;JHN 3:9;JHN 7:50;JHN 19:39
Q139830548,JHN 6:71;JHN 13:2;JHN 13:26
Q539890,JHN 11:1;JHN 11:2;JHN 11:3;JHN 11:5;JHN 11:6;JHN 11:11;JHN 11:13;JHN 11:14;JHN 11:17;JHN 11:19;JHN 11:21;JHN 11:23;JHN 11:32;JHN 11:37;JHN 11:43;JHN 11:44;JHN 12:1;JHN 12:2;JHN 12:9;JHN 12:10;JHN 12:17
Q2979581,JHN 19:25
Q983883,ACT 1:23;ACT 1:24
Q44020,ACT 1:23;ACT 1:24;ACT 1:26;ACT 6:2;GAL 1:17;GAL 1:19
Q126372611,ACT 4:6
Q185856,ACT 4:36;ACT 9:27;ACT 11:22;ACT 11:24;ACT 11:25;ACT 11:30;ACT 12:25;ACT 13:1;ACT 13:2;ACT 13:4;ACT 13:7;ACT 13:42;ACT 13:43;ACT 13:46;ACT 13:50;ACT 14:1;ACT 14:3;ACT 14:12;ACT 14:14;ACT 14:18;ACT 14:20;ACT 14:23;ACT 15:2;ACT 15:12;ACT 15:22;ACT 15:25;ACT 15:35;ACT 15:36;ACT 15:37;ACT 15:39;1CO 9:6;GAL 2:1;GAL 2:9;GAL 2:13;COL 4:10
Q37946276,ACT 5:1;ACT 5:3;ACT 5:5;ACT 5:8;ACT 5:9;ACT 5:10
Q37946284,ACT 5:1;ACT 5:2;ACT 5:7
Q310584,ACT 5:34;ACT 5:40
Q562394,ACT 5:36
Q371624,ACT 5:37
Q161775,ACT 6:5;ACT 6:6;ACT 6:8;ACT 6:9;ACT 6:11;ACT 6:12;ACT 6:15;ACT 7:1;ACT 7:2;ACT 7:55;ACT 7:59;ACT 8:1;ACT 8:2;ACT 11:19;ACT 21:8;ACT 22:20
Q508571,ACT 6:5;ACT 6:6;ACT 8:5;ACT 8:6;ACT 8:12;ACT 8:13;ACT 8:26;ACT 8:29;ACT 8:30;ACT 8:31;ACT 8:35;ACT 8:38;ACT 8:39;ACT 8:40;ACT 21:8
Q1169498,ACT 6:5;ACT 6:6;ACT 21:8
Q2181212,ACT 6:5;ACT 6:6;ACT 21:8
Q2183266,ACT 6:5;ACT 6:6;ACT 21:8
Q1398612,ACT 6:5;ACT 6:6;ACT 21:8
Q2396437,ACT 6:5;ACT 6:6;ACT 21:8
Q9200,ACT 7:58;ACT 8:1;ACT 8:3;ACT 9:1;ACT 9:3;ACT 9:4;ACT 9:5;ACT 9:7;ACT 9:8;ACT 9:11;ACT 9:17;ACT 9:18;ACT 9:20;ACT 9:22;ACT 9:24;ACT 9:26;ACT 9:27;ACT 9:28;ACT 11:25;ACT 11:30;ACT 12:25;ACT 13:1;ACT 13:2;ACT 13:4;ACT 13:7;ACT 13:9;ACT 13:13;ACT 13:16;ACT 13:42;ACT 13:43;ACT 13:45;ACT 13:46;ACT 13:50;ACT 14:1;ACT 14:3;ACT 14:9;ACT 14:10;ACT 14:11;ACT 14:12;ACT 14:14;ACT 14:18;ACT 14:19;ACT 14:23;ACT 15:2;ACT 15:12;ACT 15:22;ACT 15:25;ACT 15:35;ACT 15:36;ACT 15:38;ACT 15:40;ACT 16:1;ACT 16:3;ACT 16:9;ACT 16:10;ACT 16:14;ACT 16:17;ACT 16:18;ACT 16:19;ACT 16:22;ACT 16:25;ACT 16:28;ACT 16:29;ACT 16:32;ACT 16:36;ACT 16:37;ACT 16:38;ACT 16:40;ACT 17:2;ACT 17:4;ACT 17:5;ACT 17:10;ACT 17:13;ACT 17:14;ACT 17:15;ACT 17:16;ACT 17:18;ACT 17:19;ACT 17:22;ACT 17:33;ACT 18:1;ACT 18:2;ACT 18:5;ACT 18:7;ACT 18:9;ACT 18:11;ACT 18:12;ACT 18:14;ACT 18:18;ACT 18:19;ACT 18:22;ACT 18:23;ACT 19:1;ACT 19:3;ACT 19:4;ACT 19:6;ACT 19:8;ACT 19:9;ACT 19:11;ACT 19:13;ACT 19:15;ACT 19:21;ACT 19:26;ACT 19:29;ACT 19:30;ACT 19:31;ACT 20:1;ACT 20:4;ACT 20:7;ACT 20:9;ACT 20:10;ACT 20:11;ACT 20:13;ACT 20:16;ACT 20:17;ACT 20:36;ACT 20:37;ACT 21:4;ACT 21:11;ACT 21:12;ACT 21:13;ACT 21:18;ACT 21:19;ACT 21:20;ACT 21:26;ACT 21:27;ACT 21:29;ACT 21:30;ACT 21:32;ACT 21:33;ACT 21:34;ACT 21:35;ACT 21:37;ACT 21:39;ACT 21:40;ACT 22:2;ACT 22:7;ACT 22:13;ACT 22:22;ACT 22:24;ACT 22:25;ACT 22:27;ACT 22:28;ACT 22:29;ACT 22:30;ACT 23:1;ACT 23:2;ACT 23:3;ACT 23:5;ACT 23:6;ACT 23:10;ACT 23:11;ACT 23:12;ACT 23:14;ACT 23:16;ACT 23:17;ACT 23:18;ACT 23:20;ACT 23:24;ACT 23:31;ACT 23:33;ACT 23:34;ACT 23:35;ACT 24:1;ACT 24:2;ACT 24:10;ACT 24:23;ACT 24:24;ACT 24:25;ACT 24:26;ACT 24:27;ACT 25:2;ACT 25:3;ACT 25:4;ACT 25:6;ACT 25:7;ACT 25:8;ACT 25:9;ACT 25:10;ACT 25:14;ACT 25:19;ACT 25:21;ACT 25:22;ACT 25:23;ACT 26:1;ACT 26:14;ACT 26:24;ACT 26:25;ACT 26:28;ACT 26:29;ACT 26:31;ACT 26:32;ACT 27:1;ACT 27:3;ACT 27:9;ACT 27:11;ACT 27:21;ACT 27:24;ACT 27:31;ACT 27:33;ACT 27:35;ACT 27:43;ACT 28:3;ACT 28:5;ACT 28:8;ACT 28:15;ACT 28:16;ACT 28:23;ACT 28:25;ACT 28:30;ROM 1:1;1CO 1:1;1CO 1:12;1CO 1:13;1CO 3:4;1CO 3:5;1CO 3:22;1CO 16:21;2CO 1:1;2CO 10:1;GAL 1:1;GAL 5:2;EPH 1:1;EPH 3:1;PHP 1:1;COL 1:1;COL 1:23;COL 4:18;1TH 1:1;1TH 2:18;2TH 1:1;2TH 3:17;1TI 1:1;2TI 1:1;TIT 1:1;PHM 1:1;PHM 1:9;PHM 1:19;2PE 3:15
Q139830617,ACT 8:9;ACT 8:10;ACT 8:13;ACT 8:18;ACT 8:24
Q1374017,ACT 8:27;ACT 8:32;ACT 8:34;ACT 8:36;ACT 8:38;ACT 8:39
Q382898,ACT 9:10;ACT 9:12;ACT 9:13;ACT 9:17;ACT 22:12
Q3725177,ACT 9:33;ACT 9:34
Q693055,ACT 9:36;ACT 9:39;ACT 9:40
Q47267586,ACT 9:43;ACT 10:6;ACT 10:17;ACT 10:32
Q435987,ACT 10:1;ACT 10:3;ACT 10:4;ACT 10:7;ACT 10:17;ACT 10:22;ACT 10:24;ACT 10:25;ACT 10:30;ACT 10:31;ACT 11:12
Q335127,ACT 11:28;ACT 21:10
Q1411,ACT 11:28
Q298636,ACT 12:1;ACT 12:3;ACT 12:4;ACT 12:6;ACT 12:11;ACT 12:19;ACT 12:20;ACT 12:21;ACT 12:23
Q3311767,ACT 12:12
Q1992340,ACT 12:12;ACT 12:25;ACT 13:5;ACT 13:13;ACT 15:37;ACT 15:39
Q7320830,ACT 12:13
Q33100712,ACT 12:20
Q139830869,ACT 13:1
Q1398261,ACT 13:1
Q3300101,ACT 13:1
Q982942,ACT 13:6;ACT 13:8;ACT 13:9
Q2566388,ACT 13:7;ACT 13:8;ACT 13:12
Q1710870,ACT 15:22;ACT 15:27;ACT 15:32
Q312376,ACT 15:22;ACT 15:27;ACT 15:32;ACT 15:40;ACT 16:19;ACT 16:22;ACT 16:25;ACT 16:29;ACT 16:32;ACT 16:38;ACT 16:40;ACT 17:4;ACT 17:5;ACT 17:10;ACT 17:14;ACT 17:15;ACT 18:5;2CO 1:19;1TH 1:1;2TH 1:1;1PE 5:12
Q212647,ACT 16:1;ACT 16:3;ACT 17:14;ACT 17:15;ACT 18:5;ACT 19:22;ACT 20:4;ROM 16:21;1CO 4:17;1CO 16:10;2CO 1:1;2CO 1:19;PHP 1:1;PHP 2:19;PHP 2:22;COL 1:1;1TH 1:1;1TH 3:2;1TH 3:6;2TH 1:1;1TI 1:2;1TI 1:18;1TI 6:20;2TI 1:2;PHM 1:1;HEB 13:23
Q292282,ACT 16:14;ACT 16:40
Q978409,ACT 17:5;ACT 17:6;ACT 17:7;ACT 17:9
Q310686,ACT 17:34
Q466687,ACT 17:34
Q46512139,ACT 18:2;ACT 18:18;ACT 18:19;ACT 18:26;ROM 16:3;1CO 16:19;2TI 4:19
Q22661413,ACT 18:2;ACT 18:18;ACT 18:19;ACT 18:26;ROM 16:3;1CO 16:19;2TI 4:19
Q9363456,ACT 18:7
Q1140217,ACT 18:8;1CO 1:14
Q452194,ACT 18:12;ACT 18:14;ACT 18:17
Q1091308,ACT 18:17
Q335114,ACT 18:24;ACT 18:27;ACT 19:1;1CO 1:12;1CO 3:4;1CO 3:5;1CO 3:6;1CO 3:22;1CO 4:6;1CO 16:12;TIT 3:13
Q127582207,ACT 19:9
Q7430863,ACT 19:14
Q110845567,ACT 19:24;ACT 19:25;ACT 19:38
Q3567249,ACT 20:4
Q126616157,ACT 20:4
Q468859,ACT 20:4;ACT 27:2;COL 4:10;PHM 1:24
Q110624753,ACT 20:4
Q1396807,ACT 20:4;EPH 6:21;COL 4:7;2TI 4:12;TIT 3:12
Q4207124,ACT 20:4;ACT 21:29;2TI 4:20
Q3438613,ACT 20:9
Q16934159,ACT 21:16
Q2376069,ACT 21:31;ACT 21:32;ACT 21:33;ACT 21:34;ACT 21:37;ACT 22:24;ACT 22:26;ACT 22:27;ACT 22:28;ACT 22:29;ACT 22:30;ACT 23:10;ACT 23:15;ACT 23:17;ACT 23:18;ACT 23:19;ACT 23:22;ACT 23:26;ACT 24:6;ACT 24:22
Q485854,ACT 23:2;ACT 23:4;ACT 23:5;ACT 24:1
Q316915,ACT 23:24;ACT 23:26;ACT 23:33;ACT 23:34;ACT 24:1;ACT 24:3;ACT 24:10;ACT 24:22;ACT 24:24;ACT 24:25;ACT 24:27;ACT 25:14
Q313419,ACT 23:35;ACT 25:13;ACT 25:14;ACT 25:22;ACT 25:23;ACT 25:24;ACT 25:26;ACT 26:1;ACT 26:2;ACT 26:7;ACT 26:13;ACT 26:19;ACT 26:26;ACT 26:27;ACT 26:28;ACT 26:30;ACT 26:32
Q3518955,ACT 24:1;ACT 24:2
Q255778,ACT 24:24
Q464307,ACT 24:27;ACT 25:1;ACT 25:2;ACT 25:4;ACT 25:6;ACT 25:9;ACT 25:12;ACT 25:13;ACT 25:14;ACT 25:22;ACT 25:23;ACT 25:24;ACT 26:24;ACT 26:25;ACT 26:30;ACT 26:32
Q466696,ACT 25:13;ACT 25:23;ACT 26:30
Q107303303,ACT 27:1;ACT 27:3;ACT 27:6;ACT 27:11;ACT 27:31;ACT 27:43;ACT 28:16
Q291547,ROM 16:1
Q6778753,ROM 16:6
Q262766,ROM 16:7
Q477211,ROM 16:8
Q65246466,ROM 16:9
Q9340990,ROM 16:9
Q618161,ROM 16:10
Q129565995,ROM 16:11
Q7848786,ROM 16:12
Q129566137,ROM 16:12
Q752778,ROM 16:14
Q129562335,ROM 16:14
Q129562703,ROM 16:14
Q129566042,ROM 16:15
Q126521835,ROM 16:21
Q1960801,ROM 16:22
Q1075381,1CO 1:11
Q3413973,1CO 1:14
Q7608188,1CO 1:16;1CO 16:15;1CO 16:17
Q1376253,1CO 16:17
Q982939,1CO 16:17
Q320136,2CO 2:13;2CO 7:6;2CO 7:13;2CO 7:14;2CO 8:6;2CO 8:16;2CO 8:18;2CO 8:23;2CO 12:18;GAL 2:1;GAL 2:3;2TI 4:10;TIT 1:4
Q302986,2CO 11:32
Q724476,PHP 2:25;PHP 4:18
Q1382493,PHP 4:2
Q106084401,PHP 4:2
Q129635602,PHP 4:3
Q953527,COL 1:7;PHM 1:23
Q4281752,COL 4:10
Q6188194,COL 4:11
Q128538,COL 4:14;2TI 4:11
Q468856,COL 4:17;PHM 1:2
Q16199754,1TI 1:20;2TI 2:17
Q25344412,2TI 1:5
Q1373978,2TI 1:5
Q130218125,2TI 1:15
Q97166693,2TI 1:15
Q164212,2TI 1:16;2TI 1:18;2TI 4:19
Q21582214,2TI 3:8
Q21582218,2TI 3:8
Q1185201,2TI 4:10
Q981729,2TI 4:10
Q106310727,2TI 4:14
Q1348146,2TI 4:20
Q130218054,2TI 4:21
Q130218293,2TI 4:21
Q129653205,2TI 4:21
Q706540,TIT 3:12
Q1393130,TIT 3:13
Q709209,PHM 1:1
Q4068319,PHM 1:2
Q63349866,PHM 1:10
Q126534191,1PE 5:13
Q126489544,3JN 1:1
Q659399,3JN 1:9
Q126478581,3JN 1:12
Q2733634,REV 1:1;REV 1:4;REV 1:9;REV 22:8
Q559936,REV 2:13
